year;month;tmean;tmin;tmax;prec;spei_1;spei_3;spei_6;spi_1;spi_3;spi_6
1901; 1; -6,0;-10,1;-1,5; 47;-0,38;NA;NA;-0,28;NA;NA
1901; 2; -5,4;-11,8;-1,2; 51; 0,38;NA;NA; 0,35;NA;NA
1901; 3;  2,0; -1,5; 6,1; 44; 0,37; 0,11;NA; 0,19;-0,03;NA
1901; 4;  7,9;  2,9;13,2; 64; 0,78; 0,69;NA; 0,87; 0,57;NA
1901; 5; 12,7;  6,0;19,8; 42;-1,06;-0,19;NA;-0,63; 0,05;NA
1901; 6; 15,8;  9,2;22,5; 49;-0,91;-0,90;-0,67;-0,58;-0,41;-0,38
1901; 7; 17,7; 12,0;24,2;106; 0,49;-0,70;-0,27; 0,89;-0,11; 0,23
1901; 8; 15,6; 10,3;21,8; 60;-0,21;-0,37;-0,39;-0,24; 0,03;-0,01
1901; 9; 12,5;  7,5;17,9; 63; 0,42; 0,27;-0,35; 0,46; 0,51; 0,11
1901;10;  8,0;  4,2;12,7; 88; 1,06; 0,54;-0,22; 1,06; 0,65; 0,31
1901;11;  1,9; -1,2; 5,1; 46;-0,33; 0,66; 0,02;-0,18; 0,69; 0,42
1901;12;  0,4; -2,0; 2,8; 57;-0,09; 0,45; 0,40;-0,02; 0,42; 0,58
1902; 1;  2,4;  0,2; 4,3; 67; 0,55;-0,09; 0,37; 0,50;-0,05; 0,39
1902; 2; -0,3; -3,7; 3,1; 40;-0,14;-0,04; 0,45;-0,06; 0,03; 0,47
1902; 3;  3,3; -0,3; 7,8; 79; 1,30; 0,94; 0,84; 1,30; 0,87; 0,80
1902; 4;  8,4;  2,9;13,9; 23;-0,87; 0,16; 0,03;-1,02; 0,24; 0,06
1902; 5;  7,9;  3,3;14,1; 89; 1,29; 1,14; 0,80; 0,97; 0,96; 0,55
1902; 6; 15,0;  9,1;21,4; 60;-0,35; 0,17; 0,65;-0,18;-0,04; 0,53
1902; 7; 15,7;  9,6;22,0; 62;-0,35; 0,22; 0,19;-0,25; 0,14; 0,19
1902; 8; 14,6;  9,7;20,3; 78; 0,49;-0,23; 0,45; 0,32;-0,23; 0,34
1902; 9; 11,7;  6,7;17,9; 29;-0,78;-0,33;-0,22;-0,92;-0,49;-0,44
1902;10;  6,3;  2,9;10,6; 45; 0,07;-0,20; 0,00;-0,02;-0,44;-0,25
1902;11;  0,7; -2,7; 4,6; 12;-1,67;-1,28;-0,86;-2,11;-1,63;-1,19
1902;12; -2,7; -5,6; 0,7; 94; 1,01;-0,25;-0,44; 0,95;-0,28;-0,62
1903; 1; -0,7; -4,1; 2,9; 58; 0,06;-0,31;-0,37; 0,17;-0,17;-0,53
1903; 2;  2,8; -1,0; 6,8; 21;-1,28;-0,01;-1,05;-1,01; 0,20;-0,98
1903; 3;  4,8; -0,2;11,0; 24;-1,15;-1,40;-1,13;-0,74;-1,00;-0,89
1903; 4;  4,7;  0,1; 9,4; 47; 0,67;-0,82;-0,82; 0,24;-0,91;-0,76
1903; 5; 12,1;  6,0;19,4; 46;-0,81;-0,82;-0,58;-0,45;-0,80;-0,34
1903; 6; 14,9;  8,6;21,4; 27;-1,28;-1,07;-1,58;-1,62;-1,29;-1,66
1903; 7; 16,2; 11,1;21,9; 92; 0,57;-0,75;-1,05; 0,57;-0,73;-1,22
1903; 8; 15,0; 10,3;20,7; 67; 0,22;-0,30;-0,65;-0,01;-0,48;-0,90
1903; 9; 12,7;  7,9;19,3; 40;-0,54; 0,16;-0,53;-0,39; 0,04;-0,74
1903;10;  9,0;  5,3;13,4; 80; 0,90; 0,21;-0,44; 0,89; 0,24;-0,39
1903;11;  4,5;  2,3; 6,4; 78; 0,91; 0,58; 0,04; 0,83; 0,71; 0,10
1903;12; -1,2; -3,3; 0,6;  8;-1,92; 0,08; 0,11;-2,69; 0,00;-0,05
1904; 1; -2,2; -5,4; 0,2; 33;-1,05;-1,14;-0,49;-0,98;-1,18;-0,68
1904; 2;  1,0; -1,3; 3,2; 76; 1,28;-0,96;-0,18; 1,11;-1,02;-0,15
1904; 3;  3,2; -0,4; 7,6; 40; 0,09; 0,26; 0,09; 0,03; 0,12; 0,00
1904; 4;  9,1;  3,6;14,6; 38;-0,38; 0,43;-0,43;-0,17; 0,47;-0,50
1904; 5; 12,1;  6,8;18,5; 73; 0,43;-0,01;-0,57; 0,51; 0,08;-0,68
1904; 6; 15,3;  9,0;21,5; 43;-0,84;-0,58;-0,34;-0,82;-0,44;-0,28
1904; 7; 18,8; 11,3;26,0; 18;-1,82;-1,49;-1,06;-2,25;-1,41;-0,73
1904; 8; 16,6;  9,1;22,7; 66;-0,43;-1,63;-1,40;-0,05;-1,71;-1,30
1904; 9; 11,7;  7,0;17,3; 50; 0,07;-1,33;-1,30; 0,01;-1,19;-1,19
1904;10;  7,5;  3,7;12,2; 58; 0,34;-0,24;-1,19; 0,36;-0,01;-0,99
1904;11;  2,6;  0,3; 4,9; 65; 0,47; 0,33;-1,22; 0,46; 0,29;-0,99
1904;12;  1,6; -0,6; 3,9; 53;-0,24; 0,22;-1,06;-0,15; 0,17;-0,75
1905; 1; -3,4; -7,0;-0,1; 52;-0,14;-0,05;-0,25;-0,07;-0,05;-0,12
1905; 2;  0,7; -1,8; 3,5; 45; 0,16;-0,33; 0,00; 0,14;-0,26;-0,04
1905; 3;  4,5;  0,8; 9,0; 72; 1,06; 0,59; 0,42; 1,11; 0,54; 0,40
1905; 4;  6,3;  1,8;11,0; 43; 0,41; 0,78; 0,51; 0,06; 0,59; 0,30
1905; 5; 12,0;  5,9;18,3; 26;-1,16;-0,04;-0,20;-1,47;-0,16;-0,33
1905; 6; 16,4; 10,4;23,4; 58;-0,73;-1,00;-0,48;-0,25;-1,11;-0,39
1905; 7; 18,8; 12,9;25,5; 57;-0,78;-1,37;-0,79;-0,41;-1,25;-0,54
1905; 8; 16,4; 10,9;23,0; 57;-0,48;-1,08;-0,92;-0,35;-0,74;-0,75
1905; 9; 12,4;  8,9;17,0; 70; 0,92;-0,38;-0,85; 0,68;-0,22;-0,85
1905;10;  3,6;  0,7; 6,4; 88; 1,31; 0,85;-0,54; 1,06; 0,72;-0,34
1905;11;  2,7; -0,4; 5,9; 37;-0,71; 0,99;-0,37;-0,55; 0,66;-0,11
1905;12;  0,5; -2,0; 2,4; 32;-1,02; 0,08;-0,32;-0,96;-0,16;-0,34
1906; 1;  0,4; -2,5; 2,8; 63; 0,35;-0,97; 0,15; 0,36;-0,86;-0,07
1906; 2; -0,4; -3,5; 2,4; 34;-0,34;-0,79; 0,31;-0,32;-0,73;-0,02
1906; 3;  1,3; -3,2; 5,9; 72; 1,14; 0,64; 0,35; 1,11; 0,54; 0,15
1906; 4;  7,7;  1,4;14,5; 29;-0,98;-0,11;-0,72;-0,64; 0,10;-0,59
1906; 5; 13,1;  7,1;19,1; 98; 0,98; 0,71; 0,06; 1,21; 1,12; 0,19
1906; 6; 14,7;  9,9;20,3; 49;-0,21;-0,05; 0,30;-0,58; 0,05; 0,35
1906; 7; 17,0; 11,8;22,8; 82; 0,26; 0,47; 0,25; 0,32; 0,44; 0,33
1906; 8; 15,5; 10,5;22,3; 84; 0,32; 0,11; 0,47; 0,48; 0,03; 0,63
1906; 9; 11,9;  7,2;17,5; 45;-0,10; 0,19; 0,05;-0,18; 0,23; 0,15
1906;10;  8,9;  4,9;14,3; 31;-0,71;-0,34; 0,09;-0,52;-0,28; 0,08
1906;11;  5,6;  2,0; 8,3; 51;-0,21;-0,66;-0,32; 0,00;-0,62;-0,43
1906;12; -2,5; -5,6; 0,2; 71; 0,38;-0,40;-0,11; 0,39;-0,24;-0,06
1907; 1; -0,7; -3,6; 1,7; 52;-0,12;-0,04;-0,34;-0,07; 0,03;-0,26
1907; 2; -1,5; -4,5; 1,1; 35;-0,23;-0,11;-0,64;-0,27;-0,09;-0,58
1907; 3;  2,0; -1,9; 6,8; 55; 0,62; 0,08;-0,38; 0,59;-0,03;-0,28
1907; 4;  5,7;  0,6;11,1; 25;-0,43;-0,11;-0,14;-0,88;-0,34;-0,26
1907; 5; 13,0;  6,4;19,7; 55;-0,54;-0,40;-0,32;-0,10;-0,32;-0,30
1907; 6; 14,5;  8,9;20,7; 58;-0,25;-0,75;-0,58;-0,25;-0,82;-0,65
1907; 7; 14,5;  9,5;20,3; 71; 0,23;-0,30;-0,38; 0,02;-0,35;-0,57
1907; 8; 15,6; 10,2;22,1; 37;-0,89;-0,53;-0,62;-1,16;-0,86;-0,93
1907; 9; 12,6;  6,7;19,3; 33;-0,93;-0,73;-0,96;-0,72;-1,04;-1,32
1907;10; 10,3;  6,0;15,8; 31;-0,83;-1,41;-1,09;-0,52;-1,66;-1,33
1907;11;  2,7; -0,4; 6,5; 35;-0,83;-1,42;-1,12;-0,63;-1,28;-1,51
1907;12;  0,5; -2,0; 2,9; 66; 0,21;-0,89;-1,04; 0,25;-0,65;-1,27
1908; 1; -4,6; -8,3;-0,8; 31;-1,18;-1,00;-1,72;-1,10;-0,86;-1,91
1908; 2;  0,4; -2,2; 2,8; 69; 1,06; 0,06;-1,11; 0,91; 0,07;-0,89
1908; 3;  1,8; -2,0; 6,3; 31;-0,20;-0,15;-0,84;-0,37;-0,29;-0,75
1908; 4;  5,2;  1,1; 9,4; 57; 1,08; 0,94; 0,08; 0,63; 0,53;-0,26
1908; 5; 13,3;  8,2;18,9; 78; 0,69; 0,86; 0,65; 0,66; 0,42; 0,25
1908; 6; 17,2; 10,8;23,9; 70;-0,48; 0,56; 0,33; 0,14; 0,63; 0,22
1908; 7; 16,9; 10,8;23,0; 84; 0,10; 0,07; 0,53; 0,37; 0,49; 0,65
1908; 8; 13,8;  9,4;19,3;153; 2,06; 1,04; 1,26; 2,01; 1,39; 1,34
1908; 9; 11,3;  6,7;16,9; 34;-0,41; 1,09; 1,10;-0,67; 1,11; 1,16
1908;10;  8,2;  1,6;13,4;  5;-1,85; 0,51; 0,31;-2,13; 0,33; 0,50
1908;11;  0,8; -2,6; 4,1; 37;-0,68;-1,54;-0,09;-0,55;-1,93; 0,08
1908;12; -0,9; -2,8; 1,1; 22;-1,38;-2,21;-0,22;-1,49;-2,42;-0,42
1909; 1; -2,3; -5,7; 1,1; 40;-0,76;-1,66;-0,55;-0,61;-1,71;-0,91
1909; 2; -3,3; -8,2; 0,7; 93; 1,60;-0,23;-1,35; 1,53;-0,16;-1,44
1909; 3;  1,7; -2,5; 6,4; 29;-0,35; 0,43;-1,34;-0,47; 0,40;-1,35
1909; 4;  7,6;  2,0;14,1; 55; 0,16; 0,73;-0,53; 0,55; 0,89;-0,45
1909; 5; 11,1;  3,9;17,5; 27;-1,21;-0,98;-0,82;-1,41;-0,97;-0,71
1909; 6; 13,9;  8,4;19,8; 80; 0,47;-0,34;-0,06; 0,44;-0,26; 0,04
1909; 7; 14,8; 10,4;19,5;108; 1,28; 0,53; 0,78; 0,93; 0,21; 0,68
1909; 8; 15,8; 11,0;21,8; 48;-0,42; 0,75; 0,09;-0,68; 0,37;-0,25
1909; 9; 12,3;  8,2;17,3; 69; 0,77; 0,83; 0,38; 0,65; 0,45; 0,15
1909;10;  9,0;  5,2;13,1; 35;-0,38;-0,21; 0,22;-0,37;-0,44;-0,19
1909;11;  1,3; -1,6; 3,5; 70; 0,64; 0,44; 0,77; 0,61; 0,30; 0,40
1909;12;  1,7; -0,9; 4,3; 65; 0,15; 0,10; 0,66; 0,22; 0,07; 0,30
1910; 1;  0,6; -2,4; 2,7; 64; 0,40; 0,54; 0,13; 0,39; 0,50;-0,02
1910; 2;  2,0; -1,4; 5,1; 56; 0,48; 0,37; 0,51; 0,52; 0,43; 0,44
1910; 3;  3,3; -1,3; 8,7; 15;-1,21;-0,37;-0,29;-1,36;-0,19;-0,14
1910; 4;  7,1;  1,6;12,9; 41;-0,12;-0,55;-0,06;-0,03;-0,41; 0,05
1910; 5; 12,7;  6,9;18,5; 45;-0,42;-1,03;-0,51;-0,50;-1,28;-0,40
1910; 6; 15,9; 10,7;22,1;121; 1,20; 0,53; 0,19; 1,43; 0,67; 0,30
1910; 7; 15,1; 10,8;21,1;104; 0,95; 1,04; 0,52; 0,85; 1,08; 0,56
1910; 8; 15,2; 10,1;21,3;108; 1,03; 1,66; 0,85; 1,08; 1,73; 0,88
1910; 9; 11,2;  6,5;16,4; 67; 0,67; 1,28; 1,23; 0,59; 1,22; 1,27
1910;10;  8,7;  4,5;13,9; 10;-1,49; 0,25; 0,88;-1,70; 0,20; 0,85
1910;11;  1,7; -1,0; 4,0;114; 1,80; 0,60; 1,57; 1,67; 0,60; 1,60
1910;12;  1,8; -1,1; 4,3; 51;-0,35; 0,09; 1,02;-0,22; 0,15; 0,95
1911; 1; -2,5; -5,6; 0,0; 25;-1,45; 0,38; 0,40;-1,48; 0,33; 0,31
1911; 2;  1,0; -2,8; 3,8; 50; 0,28;-0,91;-0,13; 0,32;-0,80;-0,12
1911; 3;  4,1; -0,3; 9,2; 21;-0,96;-1,22;-0,80;-0,93;-1,21;-0,63
1911; 4;  7,0;  1,0;13,4; 27;-0,84;-0,91;-0,45;-0,76;-0,75;-0,28
1911; 5; 12,5;  7,3;18,8; 73; 0,44;-0,75;-1,06; 0,51;-0,69;-1,01
1911; 6; 14,7;  8,9;21,4; 34;-1,06;-0,94;-1,39;-1,24;-0,92;-1,53
1911; 7; 19,0; 11,8;26,4; 25;-1,73;-1,52;-1,62;-1,78;-1,46;-1,68
1911; 8; 19,1; 12,1;26,4; 28;-1,74;-2,08;-2,06;-1,63;-2,80;-2,55
1911; 9; 13,3;  7,6;20,5; 39;-0,86;-2,02;-1,91;-0,43;-2,23;-2,19
1911;10;  7,8;  3,5;13,1; 29;-0,74;-1,80;-1,96;-0,61;-1,80;-2,27
1911;11;  4,4;  1,7; 7,1; 40;-0,57;-1,24;-2,10;-0,42;-1,05;-2,70
1911;12;  2,6;  0,5; 4,7; 71; 0,38;-0,60;-1,97; 0,39;-0,49;-1,90
1912; 1; -1,5; -4,9; 1,2; 58; 0,13;-0,12;-1,70; 0,17;-0,07;-1,34
1912; 2;  2,1; -1,9; 6,4; 46;-0,10; 0,08;-0,97; 0,17; 0,24;-0,61
1912; 3;  6,1;  2,2;10,4; 63; 0,72; 0,34;-0,35; 0,84; 0,50;-0,11
1912; 4;  6,9;  1,4;12,2; 28;-0,47;-0,01;-0,12;-0,70; 0,14;-0,02
1912; 5; 12,1;  6,2;18,8; 64;-0,01;-0,02; 0,06; 0,22; 0,17; 0,22
1912; 6; 15,5; 10,1;21,8; 74; 0,08;-0,26;-0,04; 0,27;-0,17; 0,17
1912; 7; 17,7; 11,3;23,8; 48;-0,82;-0,56;-0,53;-0,72;-0,32;-0,22
1912; 8; 13,6;  9,7;18,6;128; 1,80; 0,56; 0,44; 1,52; 0,59; 0,52
1912; 9;  8,5;  4,4;13,0; 58; 0,74; 0,82; 0,43; 0,30; 0,59; 0,31
1912;10;  5,8;  2,0;10,2; 64; 0,59; 1,74; 0,72; 0,52; 1,27; 0,64
1912;11;  1,8; -0,5; 3,9; 81; 1,01; 1,08; 1,02; 0,91; 0,79; 0,88
1912;12;  1,5; -1,3; 4,1; 42;-0,69; 0,47; 0,85;-0,54; 0,35; 0,59
1913; 1; -0,8; -3,8; 1,8; 42;-0,63;-0,16; 1,34;-0,52;-0,15; 0,83
1913; 2;  0,6; -3,7; 5,1; 33;-0,68;-1,21; 0,13;-0,36;-1,02;-0,08
1913; 3;  6,1;  1,5;10,8; 31;-0,64;-1,16;-0,47;-0,37;-0,92;-0,31
1913; 4;  7,4;  1,7;13,1; 45;-0,01;-0,72;-0,67; 0,15;-0,48;-0,48
1913; 5; 11,8;  6,8;17,8; 80; 0,79; 0,10;-0,64; 0,72; 0,20;-0,60
1913; 6; 14,5;  9,7;19,9;106; 1,21; 1,20; 0,36; 1,10; 1,11; 0,23
1913; 7; 14,0;  9,4;19,5; 62; 0,19; 1,10; 0,49;-0,25; 0,75; 0,24
1913; 8; 14,5;  5,9;19,8; 53;-0,53; 0,44; 0,41;-0,49; 0,13; 0,16
1913; 9; 12,1;  7,1;18,0; 32;-0,65;-0,48; 0,31;-0,77;-0,92; 0,04
1913;10;  8,7;  4,5;13,5; 40;-0,32;-0,93; 0,20;-0,19;-1,05;-0,12
1913;11;  6,3;  3,2; 8,9; 74; 0,66;-0,34; 0,09; 0,72;-0,22;-0,11
1913;12;  1,5; -0,8; 3,6; 77; 0,57; 0,37;-0,25; 0,54; 0,42;-0,38
1914; 1; -4,4; -7,9;-1,2; 38;-0,79; 0,31;-0,65;-0,71; 0,32;-0,56
1914; 2;  0,6; -3,6; 5,7; 26;-1,08;-0,68;-0,74;-0,71;-0,46;-0,55
1914; 3;  4,5;  1,0; 8,5;106; 1,89; 0,55; 0,51; 1,95; 0,56; 0,60
1914; 4;  9,6;  3,0;16,6; 28;-1,33; 0,07; 0,22;-0,70; 0,59; 0,55
1914; 5; 10,8;  6,2;16,2; 87; 1,20; 1,30; 0,58; 0,92; 1,54; 0,64
1914; 6; 14,2;  8,8;20,6; 73; 0,16; 0,21; 0,44; 0,24; 0,30; 0,53
1914; 7; 16,8; 12,1;22,5;125; 1,25; 1,37; 1,18; 1,28; 1,30; 1,31
1914; 8; 16,6; 11,1;23,3; 44;-0,85; 0,35; 0,99;-0,85; 0,46; 1,22
1914; 9; 11,5;  6,8;17,5; 79; 0,85; 0,64; 0,54; 0,94; 0,79; 0,72
1914;10;  7,8;  4,5;11,6; 45; 0,08;-0,22; 0,89;-0,02;-0,12; 0,83
1914;11;  3,1;  0,8; 5,3; 46;-0,24; 0,33; 0,39;-0,18; 0,23; 0,42
1914;12;  3,2;  0,4; 5,7; 53;-0,30;-0,34; 0,29;-0,15;-0,41; 0,27
1915; 1; -0,4; -3,0; 2,1; 91; 1,33; 0,35; 0,00; 1,26; 0,33; 0,08
1915; 2;  0,9; -2,6; 4,3; 37;-0,33; 0,27; 0,36;-0,18; 0,35; 0,34
1915; 3;  2,1; -1,0; 5,6; 74; 1,36; 1,32; 0,56; 1,16; 1,16; 0,41
1915; 4;  7,1;  1,8;12,6; 46; 0,16; 0,66; 0,67; 0,19; 0,53; 0,52
1915; 5; 13,6;  6,9;20,5; 28;-1,58;-0,23; 0,03;-1,35; 0,01; 0,21
1915; 6; 18,4; 10,7;25,6; 40;-1,69;-1,92;-0,79;-0,95;-1,46;-0,08
1915; 7; 15,7; 10,5;22,2; 69;-0,10;-1,62;-1,06;-0,04;-1,34;-0,64
1915; 8; 14,8; 10,3;20,8; 86; 0,66;-0,68;-0,66; 0,54;-0,32;-0,31
1915; 9; 11,3;  6,3;17,2; 24;-0,86;-0,13;-1,17;-1,22;-0,31;-1,11
1915;10;  6,4;  3,1;10,3; 23;-0,63;-0,43;-1,37;-0,88;-0,86;-1,57
1915;11;  1,2; -2,5; 4,1; 39;-0,60;-1,20;-1,12;-0,46;-1,63;-1,27
1915;12;  3,5;  0,2; 6,3;102; 1,15; 0,00;-0,16; 1,13;-0,04;-0,32
1916; 1;  3,6;  1,1; 5,9; 87; 1,19; 0,98; 0,25; 1,14; 0,99; 0,12
1916; 2;  0,8; -2,3; 4,2; 74; 1,11; 1,71; 0,27; 1,05; 1,70; 0,31
1916; 3;  5,1;  0,6;10,2; 31;-0,63; 0,84; 0,43;-0,37; 0,98; 0,54
1916; 4;  9,0;  3,3;14,2; 59; 0,45; 0,41; 0,91; 0,70; 0,66; 1,08
1916; 5; 13,3;  7,0;19,8; 47;-0,73;-0,67; 0,75;-0,41;-0,27; 1,11
1916; 6; 12,7;  8,1;18,3; 80; 0,77; 0,28; 0,67; 0,44; 0,26; 0,81
1916; 7; 15,8; 10,9;21,6; 94; 0,65; 0,46; 0,54; 0,62; 0,31; 0,60
1916; 8; 15,3; 10,9;20,9; 78; 0,54; 0,98; 0,45; 0,32; 0,62; 0,31
1916; 9; 11,6;  7,0;16,8; 70; 0,74; 0,88; 0,77; 0,68; 0,71; 0,63
1916;10;  8,1;  4,7;11,5; 50; 0,26; 0,70; 0,72; 0,13; 0,43; 0,44
1916;11;  4,0;  1,2; 6,9; 44;-0,42; 0,28; 0,86;-0,26; 0,12; 0,47
1916;12;  1,8; -0,9; 4,1; 86; 0,80; 0,33; 0,82; 0,77; 0,24; 0,60
1917; 1; -2,4; -5,0; 0,1; 64; 0,45; 0,42; 0,78; 0,39; 0,41; 0,54
1917; 2; -3,7; -7,8; 0,1;  6;-1,70;-0,19; 0,05;-2,44;-0,14;-0,08
1917; 3;  0,3; -2,8; 3,6; 41; 0,50;-0,42;-0,13; 0,08;-0,79;-0,33
1917; 4;  4,4;  0,2; 9,0; 51; 0,88;-0,02; 0,23; 0,40;-0,75;-0,22
1917; 5; 15,1;  8,6;21,9; 63;-0,56; 0,26; 0,10; 0,19; 0,17;-0,04
1917; 6; 18,2; 11,0;25,7; 22;-2,06;-1,41;-1,36;-1,94;-0,87;-1,22
1917; 7; 17,4; 11,4;23,6; 48;-0,76;-1,79;-1,48;-0,72;-1,43;-1,66
1917; 8; 15,9; 11,8;21,6;114; 1,32;-0,88;-0,60; 1,22;-0,52;-0,37
1917; 9; 13,2;  7,7;20,2; 23;-1,32;-0,30;-1,00;-1,28;-0,20;-0,71
1917;10;  6,7;  3,3;10,8; 80; 0,99; 0,70;-0,96; 0,89; 0,75;-0,42
1917;11;  4,6;  2,1; 7,0; 34;-0,77;-0,54;-0,97;-0,68;-0,40;-0,70
1917;12; -2,9; -6,1;-0,2; 28;-1,19;-0,36;-0,47;-1,16;-0,45;-0,52
1918; 1;  0,0; -4,0; 3,1; 70; 0,56;-0,98; 0,01; 0,60;-0,86;-0,05
1918; 2;  1,6; -1,3; 4,5; 38;-0,22;-0,71;-0,90;-0,14;-0,57;-0,76
1918; 3;  4,2; -0,8;10,2; 18;-1,31;-0,72;-0,82;-1,13;-0,41;-0,67
1918; 4;  9,7;  5,1;15,1; 32;-0,50;-1,11;-1,42;-0,47;-1,02;-1,35
1918; 5; 13,8;  7,2;20,7; 29;-1,55;-1,81;-1,76;-1,29;-2,02;-1,57
1918; 6; 12,7;  7,0;18,8; 53;-0,19;-1,27;-1,39;-0,42;-1,46;-1,35
1918; 7; 16,3; 10,8;22,2; 45;-0,60;-1,17;-1,47;-0,84;-1,58;-1,95
1918; 8; 16,1; 10,4;21,4; 85; 0,53;-0,28;-1,17; 0,51;-0,54;-1,56
1918; 9; 12,4;  8,6;17,5; 86; 1,19; 0,38;-0,48; 1,13; 0,31;-0,59
1918;10;  6,7;  2,9;11,2; 37;-0,27; 0,73;-0,46;-0,29; 0,60;-0,62
1918;11;  2,7; -0,1; 5,6; 18;-1,40;-0,11;-0,33;-1,60;-0,32;-0,66
1918;12;  3,5;  1,6; 5,5; 91; 0,95;-0,36; 0,08; 0,88;-0,37;-0,09
1919; 1;  0,4; -1,6; 2,7; 31;-1,14;-0,75; 0,17;-1,10;-0,68;-0,06
1919; 2; -0,8; -3,8; 2,5; 34;-0,37;-0,18;-0,26;-0,32;-0,14;-0,40
1919; 3;  3,0; -0,4; 6,7; 45; 0,42;-0,60;-0,75; 0,23;-0,81;-0,86
1919; 4;  5,0;  1,1; 9,6; 52; 0,90; 0,48;-0,14; 0,44; 0,01;-0,53
1919; 5; 10,8;  3,9;17,3; 21;-1,35;-0,26;-0,27;-1,81;-0,77;-0,59
1919; 6; 14,8;  9,1;20,9; 45;-0,61;-0,78;-0,97;-0,74;-1,35;-1,57
1919; 7; 14,1;  9,6;19,6; 60; 0,15;-0,87;-0,53;-0,31;-1,60;-1,22
1919; 8; 15,4;  9,1;22,0; 64;-0,32;-0,48;-0,51;-0,11;-0,80;-1,15
1919; 9; 14,0;  8,8;20,6; 46;-0,49;-0,35;-0,72;-0,14;-0,47;-1,19
1919;10;  5,5;  2,4; 9,6; 40;-0,02;-0,62;-0,98;-0,19;-0,49;-1,47
1919;11;  1,0; -1,4; 3,2; 83; 1,07; 0,13;-0,35; 0,96; 0,21;-0,48
1919;12;  0,2; -2,4; 2,5;106; 1,29; 1,14; 0,36; 1,21; 0,99; 0,35
1920; 1;  2,0; -0,4; 4,2;107; 1,72; 1,97; 0,97; 1,70; 2,00; 1,21
1920; 2;  1,8; -2,0; 6,6; 30;-0,89; 1,38; 0,96;-0,51; 1,40; 1,09
1920; 3;  5,3;  0,0;11,2; 24;-1,17;-0,05; 0,83;-0,74; 0,38; 0,95
1920; 4;  9,2;  4,7;14,3; 56; 0,52;-0,76; 1,07; 0,59;-0,46; 1,24
1920; 5; 14,0;  8,2;20,2; 55;-0,36;-0,65; 0,49;-0,10;-0,32; 0,84
1920; 6; 15,1;  8,3;20,9; 14;-1,51;-1,08;-0,91;-2,58;-1,16;-0,55
1920; 7; 16,9; 11,3;23,4; 71;-0,22;-1,16;-1,31; 0,02;-1,27;-1,34
1920; 8; 14,7; 10,0;20,5; 71; 0,32;-0,81;-0,96; 0,11;-1,07;-1,09
1920; 9; 12,6;  8,7;17,0; 75; 1,02; 0,40;-0,36; 0,83; 0,33;-0,43
1920;10;  7,1;  2,4;12,6;  4;-1,72;-0,13;-0,91;-2,22;-0,49;-1,26
1920;11;  0,2; -3,8; 4,5; 17;-1,52;-1,00;-1,12;-1,68;-1,36;-1,71
1920;12;  0,7; -1,8; 2,8; 46;-0,49;-2,12;-0,74;-0,39;-2,31;-1,11
1921; 1;  3,9;  1,6; 6,2; 95; 1,41;-0,42;-0,37; 1,37;-0,29;-0,65
1921; 2;  1,0; -2,1; 4,4; 16;-1,33;-0,24;-0,97;-1,36;-0,12;-1,08
1921; 3;  4,0; -1,6;11,2; 12;-1,80;-0,93;-1,93;-1,63;-0,48;-2,00
1921; 4;  7,6;  1,5;13,8; 14;-1,34;-2,08;-1,85;-1,74;-2,64;-1,71
1921; 5; 14,0;  7,6;20,5; 97; 0,70;-1,19;-0,99; 1,19;-0,63;-0,49
1921; 6; 14,5;  9,0;20,3; 51;-0,31;-0,50;-0,93;-0,50;-0,26;-0,57
1921; 7; 18,6; 11,5;25,9; 37;-1,45;-0,86;-1,70;-1,17;-0,34;-1,73
1921; 8; 16,9; 10,5;24,0; 83;-0,09;-1,12;-1,44; 0,46;-0,76;-1,04
1921; 9; 12,5;  6,0;19,6; 13;-1,71;-1,51;-1,39;-2,06;-1,21;-1,08
1921;10; 10,5;  4,3;15,8; 53;-0,18;-1,08;-1,22; 0,22;-0,51;-0,63
1921;11; -0,7; -3,6; 2,4; 31;-0,85;-1,54;-1,54;-0,83;-1,33;-1,46
1921;12; -0,4; -3,4; 2,3; 59;-0,04;-0,68;-1,57; 0,04;-0,43;-1,22
1922; 1; -3,4; -7,2;-0,2; 88; 1,23; 0,10;-0,91; 1,17; 0,11;-0,36
1922; 2; -1,9; -8,2; 1,9; 78; 1,17; 1,13;-0,52; 1,16; 1,12;-0,05
1922; 3;  3,0; -0,6; 7,5; 54; 0,59; 1,46; 0,46; 0,55; 1,48; 0,62
1922; 4;  5,4;  1,4;10,2; 82; 1,62; 1,63; 1,27; 1,44; 1,49; 1,08
1922; 5; 13,0;  6,4;20,3; 42;-1,15; 0,51; 1,02;-0,63; 0,69; 1,14
1922; 6; 15,7;  9,5;22,0; 56;-0,55;-0,16; 0,78;-0,32; 0,13; 1,10
1922; 7; 15,4; 10,5;20,9; 65; 0,11;-0,78; 0,33;-0,15;-0,77; 0,50
1922; 8; 14,9; 10,0;20,7;135; 1,64; 0,67; 0,80; 1,66; 0,68; 0,88
1922; 9; 10,8;  7,2;15,0; 59; 0,75; 1,22; 0,81; 0,33; 0,95; 0,76
1922;10;  4,9;  1,6; 8,6; 59; 0,58; 1,62; 0,46; 0,39; 1,32; 0,41
1922;11;  1,8; -1,6; 4,9; 92; 1,23; 1,18; 1,17; 1,18; 0,90; 1,01
1922;12;  1,5; -0,5; 3,2; 94; 1,05; 1,33; 1,64; 0,95; 1,22; 1,45
1923; 1;  0,7; -1,6; 2,5; 56; 0,11; 1,29; 1,93; 0,09; 1,21; 1,78
1923; 2;  0,8; -1,8; 3,8; 52; 0,42; 0,83; 1,38; 0,39; 0,73; 1,09
1923; 3;  5,3;  1,4; 9,8; 21;-0,88;-0,37; 0,86;-0,93;-0,33; 0,76
1923; 4;  6,9;  1,8;12,3; 19;-0,78;-0,78; 0,38;-1,31;-0,91; 0,36
1923; 5; 11,6;  6,6;18,3; 49;-0,28;-1,13;-0,28;-0,33;-1,67;-0,33
1923; 6; 11,2;  7,1;15,8; 79; 1,12; 0,25;-0,05; 0,41;-0,60;-0,72
1923; 7; 18,4; 12,0;24,5; 59;-0,64; 0,07;-0,44;-0,34;-0,30;-0,87
1923; 8; 14,9;  9,2;21,7; 60;-0,35;-0,03;-0,61;-0,24;-0,26;-1,15
1923; 9; 13,2;  7,4;17,9; 36;-0,46;-0,78;-0,52;-0,57;-0,76;-0,98
1923;10;  9,7;  6,7;13,4;163; 2,18; 1,20; 0,76; 2,32; 1,40; 0,75
1923;11;  2,7;  0,2; 5,4; 50;-0,12; 1,44; 0,84;-0,03; 1,48; 0,81
1923;12; -2,4; -5,7; 0,4; 62; 0,08; 1,64; 0,42; 0,13; 1,61; 0,69
1924; 1; -5,1; -9,4;-1,5; 42;-0,61;-0,43; 0,75;-0,52;-0,37; 0,80
1924; 2; -3,2; -6,6;-0,1; 40;-0,01;-0,43; 0,96;-0,06;-0,39; 0,86
1924; 3;  1,9; -2,3; 7,0; 32;-0,31;-0,63; 1,08;-0,32;-0,71; 0,94
1924; 4;  6,7;  1,7;11,9; 47; 0,34;-0,08;-0,36; 0,24;-0,25;-0,50
1924; 5; 13,7;  8,1;20,4; 89; 0,59; 0,30;-0,02; 0,97; 0,47;-0,03
1924; 6; 15,0;  9,4;20,9; 84; 0,45; 0,72; 0,21; 0,55; 0,91; 0,19
1924; 7; 16,7; 11,9;22,3; 73; 0,19; 0,57; 0,35; 0,08; 0,71; 0,34
1924; 8; 14,2; 10,3;19,1;181; 2,53; 1,92; 1,68; 2,50; 1,79; 1,71
1924; 9; 13,0;  8,8;18,0; 87; 1,16; 2,05; 1,98; 1,15; 2,00; 2,02
1924;10;  8,6;  4,4;13,5; 21;-1,02; 2,01; 1,66;-0,99; 1,83; 1,69
1924;11;  1,8; -1,3; 5,2; 83; 0,97; 0,59; 1,77; 0,96; 0,60; 1,65
1924;12; -0,1; -2,8; 2,4; 24;-1,37;-0,85; 1,32;-1,37;-0,73; 1,10
1925; 1;  1,7; -0,4; 3,8; 47;-0,35;-0,45; 1,46;-0,28;-0,37; 1,17
1925; 2;  3,5;  0,2; 7,2; 47; 0,00;-1,14;-0,29; 0,21;-0,99;-0,23
1925; 3;  0,9; -2,4; 4,4; 51; 0,76; 0,19;-0,61; 0,45; 0,04;-0,60
1925; 4;  8,6;  3,8;13,9; 62; 0,69; 0,68; 0,20; 0,81; 0,59; 0,09
1925; 5; 14,0;  7,8;20,1; 18;-1,62;-0,38;-0,93;-2,04;-0,42;-0,98
1925; 6; 15,4;  9,4;21,0; 42;-0,67;-1,08;-0,78;-0,86;-1,24;-0,87
1925; 7; 17,7; 12,5;23,0; 69; 0,03;-1,08;-0,59;-0,04;-1,53;-0,72
1925; 8; 16,4; 12,0;21,4; 82; 0,69;-0,06;-0,24; 0,43;-0,35;-0,58
1925; 9; 10,7;  7,0;14,9; 77; 1,18; 0,82;-0,04; 0,88; 0,50;-0,32
1925;10;  7,9;  3,9;12,2; 50; 0,12; 1,00;-0,21; 0,13; 0,62;-0,58
1925;11;  1,8; -0,7; 4,0; 44;-0,31; 0,56; 0,21;-0,26; 0,25;-0,15
1925;12; -1,4; -5,2; 1,3;110; 1,35; 0,69; 0,97; 1,29; 0,62; 0,71
1926; 1; -0,3; -2,9; 2,0; 66; 0,51; 0,94; 1,31; 0,47; 0,86; 1,00
1926; 2;  4,5;  1,5; 7,1; 59; 0,60; 1,32; 1,21; 0,62; 1,28; 1,02
1926; 3;  4,0;  0,3; 7,5; 46; 0,40; 0,67; 0,85; 0,27; 0,58; 0,77
1926; 4; 10,0;  3,3;16,6; 36;-1,01;-0,17; 0,50;-0,26; 0,22; 0,70
1926; 5; 10,6;  6,1;15,9; 69; 0,84; 0,13; 0,93; 0,39; 0,08; 0,94
1926; 6; 13,9;  9,4;18,5; 81; 0,94; 0,65; 0,84; 0,47; 0,26; 0,52
1926; 7; 17,2; 13,0;22,0;215; 2,71; 2,48; 2,25; 2,76; 2,35; 1,97
1926; 8; 15,8; 10,3;22,0; 64;-0,15; 2,29; 1,91;-0,11; 2,06; 1,76
1926; 9; 14,6;  9,1;21,2; 18;-1,51; 1,35; 1,36;-1,63; 1,46; 1,24
1926;10;  7,9;  4,1;11,4; 91; 1,21;-0,25; 1,93; 1,12;-0,03; 1,72
1926;11;  5,6;  2,4; 8,7; 27;-1,16;-0,64; 1,52;-1,03;-0,42; 1,32
1926;12; -0,3; -2,6; 1,3; 51;-0,26; 0,12; 1,10;-0,22; 0,05; 1,07
1927; 1;  1,5; -0,4; 3,1; 53; 0,00;-0,96;-0,77;-0,03;-0,88;-0,71
1927; 2;  0,8; -2,7; 4,6; 32;-0,61;-0,66;-0,94;-0,41;-0,57;-0,78
1927; 3;  5,8;  1,8;10,4; 46; 0,08;-0,41;-0,29; 0,27;-0,29;-0,21
1927; 4;  7,2;  3,2;11,3;109; 2,17; 1,20; 0,33; 2,16; 1,06; 0,14
1927; 5; 11,6;  5,4;17,7; 42;-0,54; 1,10; 0,44;-0,63; 1,08; 0,26
1927; 6; 14,6;  9,3;20,0;117; 1,35; 1,72; 1,23; 1,35; 1,74; 1,08
1927; 7; 17,1; 12,1;22,7; 87; 0,44; 0,78; 1,28; 0,45; 0,71; 1,17
1927; 8; 16,3; 11,9;21,2;100; 1,12; 1,52; 1,73; 0,89; 1,35; 1,65
1927; 9; 13,5;  9,6;18,2; 89; 1,26; 1,31; 1,99; 1,21; 1,18; 1,86
1927;10;  7,8;  3,6;12,0; 18;-1,00; 0,89; 1,06;-1,15; 0,59; 0,83
1927;11;  2,6;  0,3; 4,7; 71; 0,69; 0,53; 1,42; 0,63; 0,37; 1,18
1927;12; -2,6; -5,2; 0,2; 31;-1,06;-0,86; 0,62;-1,01;-0,90; 0,31
1928; 1;  0,9; -1,8; 3,2; 61; 0,27;-0,18; 0,61; 0,28;-0,19; 0,24
1928; 2;  2,0; -1,4; 5,4; 69; 0,91;-0,15; 0,28; 0,91;-0,03; 0,18
1928; 3;  3,2; -2,0; 8,4; 22;-0,93; 0,01;-0,73;-0,86; 0,19;-0,61
1928; 4;  7,6;  2,7;12,7; 72; 1,10; 0,55; 0,26; 1,14; 0,64; 0,25
1928; 5; 10,4;  4,8;15,7; 47; 0,08; 0,11; 0,02;-0,41;-0,16;-0,17
1928; 6; 14,2;  8,2;20,3; 57;-0,28; 0,33; 0,23;-0,28; 0,05; 0,10
1928; 7; 19,0; 11,4;26,2; 34;-1,58;-1,21;-0,77;-1,31;-1,32;-0,54
1928; 8; 16,3; 11,1;22,1; 85; 0,48;-0,94;-0,72; 0,51;-0,67;-0,69
1928; 9; 12,7;  6,7;19,0; 31;-0,93;-1,11;-0,74;-0,82;-0,86;-0,64
1928;10;  8,0;  3,7;12,5; 53; 0,16;-0,23;-1,00; 0,22;-0,10;-1,01
1928;11;  5,8;  3,5; 8,1; 79; 0,89;-0,10;-0,83; 0,85; 0,11;-0,47
1928;12; -0,9; -3,2; 0,8; 50;-0,30; 0,31;-0,82;-0,25; 0,27;-0,46
1929; 1; -5,9; -9,7;-2,5; 21;-1,63;-0,46;-0,48;-1,78;-0,46;-0,48
1929; 2; -9,8;-15,3;-4,8; 31;-0,28;-1,23;-0,89;-0,46;-1,41;-0,89
1929; 3;  2,3; -2,9; 7,6;  6;-1,53;-1,86;-1,04;-2,37;-2,52;-1,12
1929; 4;  4,6; -0,5; 9,5; 36; 0,20;-0,87;-0,95;-0,26;-1,46;-1,30
1929; 5; 13,7;  7,4;19,8; 46;-0,69;-1,16;-1,53;-0,45;-1,70;-2,04
1929; 6; 14,7;  8,7;19,8; 60; 0,01;-0,37;-1,34;-0,18;-0,72;-2,12
1929; 7; 18,1; 12,0;24,1; 53;-0,68;-0,79;-1,11;-0,54;-0,85;-1,64
1929; 8; 17,6; 11,0;23,9; 30;-1,33;-1,10;-1,41;-1,52;-1,34;-2,11
1929; 9; 15,5;  8,5;23,0; 35;-1,41;-1,52;-1,35;-0,62;-1,56;-1,62
1929;10;  9,9;  5,5;13,7; 86; 1,01;-1,07;-1,17; 1,02;-0,47;-0,97
1929;11;  4,2;  0,3; 6,7; 34;-0,85;-0,61;-1,16;-0,68;-0,04;-1,02
1929;12;  3,0; -0,4; 5,5; 80; 0,59; 0,54;-1,08; 0,62; 0,56;-0,64
1930; 1;  1,0; -2,5; 3,5; 31;-1,25;-0,77;-1,33;-1,10;-0,57;-0,83
1930; 2; -0,2; -4,5; 3,5; 14;-1,48;-1,04;-1,13;-1,52;-0,82;-0,65
1930; 3;  4,7; -0,5; 9,5; 33;-0,53;-1,71;-0,77;-0,27;-1,77;-0,52
1930; 4;  8,5;  3,6;13,0; 71; 1,12;-0,30;-0,73; 1,11;-0,27;-0,65
1930; 5; 12,0;  5,8;17,5; 75; 0,59; 0,66;-0,12; 0,57; 0,71;-0,14
1930; 6; 19,4; 12,6;25,7; 34;-1,57;-0,26;-1,18;-1,24; 0,13;-1,02
1930; 7; 16,7; 11,3;22,0;104; 0,83;-0,13;-0,34; 0,85; 0,17;-0,11
1930; 8; 15,7;  9,7;21,7; 81; 0,27;-0,28; 0,13; 0,40; 0,10; 0,43
1930; 9; 12,9;  8,1;17,7; 69; 0,69; 0,83; 0,43; 0,65; 0,88; 0,70
1930;10;  8,0;  4,0;11,5;114; 1,58; 1,38; 0,75; 1,55; 1,48; 1,09
1930;11;  5,8;  2,3; 8,4;130; 2,04; 2,09; 1,25; 2,00; 2,31; 1,68
1930;12;  0,3; -2,3; 2,2; 35;-0,91; 1,64; 1,59;-0,83; 1,66; 1,73
1931; 1; -0,7; -2,7; 1,7; 78; 0,97; 1,28; 1,76; 0,87; 1,23; 1,91
1931; 2; -1,5; -4,7; 1,4; 35;-0,27;-0,32; 1,70;-0,27;-0,30; 1,64
1931; 3;  0,2; -4,8; 5,8; 24;-0,64;-0,09; 1,35;-0,74;-0,15; 1,25
1931; 4;  5,7; -0,6;10,9; 54; 0,53;-0,25; 0,72; 0,51;-0,39; 0,64
1931; 5; 15,9;  9,4;22,0; 52;-0,80;-0,67;-0,65;-0,21;-0,45;-0,52
1931; 6; 16,8; 10,9;22,8; 85; 0,24;-0,11;-0,17; 0,57; 0,36; 0,10
1931; 7; 16,8; 12,2;21,8; 84; 0,60; 0,09;-0,14; 0,37; 0,31;-0,07
1931; 8; 15,5; 11,5;20,2;100; 1,25; 1,08; 0,53; 0,89; 0,87; 0,44
1931; 9;  9,8;  6,3;14,3; 59; 0,76; 1,24; 0,85; 0,33; 0,72; 0,70
1931;10;  6,7;  2,0;12,0; 29;-0,72; 0,78; 0,50;-0,61; 0,25; 0,32
1931;11;  3,8;  0,6; 7,6; 29;-1,09;-0,52; 0,50;-0,93;-0,84; 0,12
1931;12; -1,6; -4,6; 1,0; 46;-0,50;-1,37; 0,32;-0,39;-1,27;-0,27
1932; 1;  0,6; -2,2; 3,1; 64; 0,39;-0,87; 0,15; 0,39;-0,70;-0,36
1932; 2; -2,8; -6,6; 1,1; 46; 0,16;-0,22;-0,60; 0,17;-0,14;-0,76
1932; 3;  0,7; -3,9; 5,9; 20;-0,75;-0,30;-1,22;-0,99;-0,31;-1,21
1932; 4;  6,8;  1,9;11,8; 35;-0,04;-0,44;-0,89;-0,32;-0,68;-1,02
1932; 5; 12,7;  7,3;18,2; 96; 1,15; 0,35; 0,14; 1,16; 0,08;-0,10
1932; 6; 14,7;  9,2;20,3; 59;-0,07; 0,59; 0,28;-0,21; 0,34;-0,02
1932; 7; 17,8; 12,7;23,2; 77; 0,19; 0,60; 0,18; 0,19; 0,49;-0,08
1932; 8; 18,9; 12,8;26,1; 53;-1,02;-0,53;-0,25;-0,49;-0,42;-0,35
1932; 9; 15,1; 10,8;20,9; 58; 0,11;-0,44;-0,06; 0,30;-0,15; 0,04
1932;10;  7,8;  4,6;11,7;108; 1,51; 0,25; 0,54; 1,45; 0,79; 0,81
1932;11;  3,7;  0,9; 6,3; 46;-0,31; 0,88; 0,04;-0,18; 0,93; 0,30
1932;12; -0,8; -3,4;-0,8; 10;-1,78; 0,13;-0,35;-2,45;-0,04;-0,21
1933; 1; -3,5; -6,3;-0,9; 25;-1,42;-1,94;-0,93;-1,48;-2,26;-0,77
1933; 2; -0,3; -3,7; 3,3; 41;-0,12;-1,82;-0,49;-0,02;-2,20;-0,53
1933; 3;  5,0; -0,5;10,8; 39;-0,52;-1,17;-0,74;-0,01;-0,95;-0,66
1933; 4;  7,0;  1,3;12,6; 17;-0,98;-0,96;-1,87;-1,47;-0,78;-2,14
1933; 5; 11,4;  6,3;17,1;100; 1,32; 0,12;-1,04; 1,26; 0,20;-1,27
1933; 6; 14,0;  9,1;19,3;144; 1,90; 1,68; 0,84; 1,90; 1,62; 0,64
1933; 7; 18,1; 12,1;24,4; 63;-0,51; 1,47; 0,73;-0,22; 1,60; 0,83
1933; 8; 16,9; 10,9;23,6;103; 0,56; 1,11; 0,95; 0,97; 1,43; 1,26
1933; 9; 13,4;  8,0;19,7; 23;-1,18;-0,54; 0,65;-1,28;-0,13; 0,88
1933;10;  8,2;  4,3;13,3; 37;-0,41;-0,56; 0,77;-0,29;-0,22; 1,02
1933;11;  2,0; -0,7; 4,7; 40;-0,52;-1,23; 0,14;-0,42;-1,26; 0,40
1933;12; -4,7; -7,5;-1,6;  7;-1,98;-1,66;-1,21;-2,83;-1,80;-1,27
1934; 1; -0,4; -3,1; 1,9; 47;-0,35;-1,72;-1,40;-0,28;-1,86;-1,48
1934; 2;  0,5; -2,9; 4,0; 16;-1,34;-1,99;-2,04;-1,36;-2,41;-2,61
1934; 3;  4,0;  0,6; 8,6; 35;-0,17;-1,08;-1,76;-0,18;-1,15;-2,16
1934; 4; 10,9;  4,3;17,7; 24;-1,57;-1,56;-2,14;-0,95;-1,40;-2,32
1934; 5; 14,1;  8,5;20,2; 66; 0,05;-1,04;-1,91; 0,29;-0,58;-1,94
1934; 6; 16,9; 10,3;23,4; 65;-0,56;-1,16;-1,48;-0,01;-0,41;-1,11
1934; 7; 19,0; 12,6;25,2; 31;-1,29;-1,16;-1,64;-1,45;-0,79;-1,56
1934; 8; 16,7; 12,1;22,4; 92; 0,73;-0,76;-1,11; 0,69;-0,44;-0,75
1934; 9; 15,9;  9,9;23,0; 17;-1,81;-1,11;-1,39;-1,71;-1,06;-1,08
1934;10;  8,4;  5,3;12,7; 92; 1,20; 0,17;-0,76; 1,14; 0,48;-0,25
1934;11;  3,8;  1,2; 6,6; 36;-0,71;-0,62;-0,92;-0,59;-0,24;-0,54
1934;12;  5,0;  3,0; 6,8; 52;-0,28; 0,31;-0,82;-0,18; 0,24;-0,62
1935; 1; -1,4; -3,3; 0,8; 68; 0,64;-0,37;-0,10; 0,54;-0,33; 0,07
1935; 2;  1,5; -1,3; 4,7; 85; 1,42; 0,86; 0,01; 1,34; 0,78; 0,33
1935; 3;  3,0; -1,0; 8,1; 18;-0,95; 0,59; 0,49;-1,13; 0,58; 0,47
1935; 4;  7,2;  3,6;11,6;108; 2,15; 1,59; 1,00; 2,13; 1,44; 0,78
1935; 5; 10,8;  5,1;16,9; 45;-0,26; 0,80; 1,04;-0,50; 0,54; 0,82
1935; 6; 17,2; 11,5;23,6; 51;-0,78; 0,60; 0,76;-0,50; 0,61; 0,77
1935; 7; 17,9; 11,7;24,3; 15;-1,52;-1,51;-0,39;-2,49;-1,99;-0,24
1935; 8; 16,8; 10,9;23,8; 81;-0,04;-1,31;-0,74; 0,40;-1,26;-0,67
1935; 9; 12,9;  8,3;18,5; 72; 0,66;-0,76;-0,31; 0,74;-0,51;-0,04
1935;10;  8,0;  4,5;12,3; 80; 0,94; 0,69;-0,75; 0,89; 1,01;-0,50
1935;11;  4,6;  1,8; 7,5; 19;-1,41; 0,26;-0,97;-1,53; 0,25;-0,74
1935;12; -0,2; -2,2; 1,9; 79; 0,65; 0,26;-0,54; 0,59; 0,20;-0,28
1936; 1;  2,4;  0,2; 5,2; 66; 0,45;-0,25; 0,41; 0,47;-0,17; 0,60
1936; 2;  0,6; -2,2; 4,1; 66; 0,88; 0,93; 0,73; 0,83; 0,88; 0,73
1936; 3;  5,3;  1,4;10,8; 24;-0,95; 0,07; 0,11;-0,74; 0,27; 0,26
1936; 4;  6,8;  2,7;12,4; 67; 1,01; 0,47; 0,16; 0,98; 0,53; 0,18
1936; 5; 12,7;  8,2;18,0; 77; 0,88; 0,63; 0,98; 0,63; 0,47; 0,85
1936; 6; 16,1; 10,9;22,1; 86; 0,45; 1,18; 0,95; 0,60; 1,09; 0,91
1936; 7; 16,5; 12,7;21,8;129; 1,54; 1,52; 1,52; 1,36; 1,40; 1,35
1936; 8; 15,7; 10,8;22,0; 61;-0,16; 1,07; 1,16;-0,21; 0,97; 1,00
1936; 9; 12,6;  8,6;17,9; 48; 0,10; 0,86; 1,30;-0,06; 0,65; 1,08
1936;10;  6,0;  3,3; 9,2; 55; 0,53; 0,05; 1,17; 0,28;-0,20; 0,86
1936;11;  3,4;  0,9; 6,0; 54; 0,02; 0,25; 0,91; 0,11;-0,01; 0,66
1936;12;  1,1; -1,0; 3,4; 44;-0,57;-0,04; 0,62;-0,46;-0,24; 0,26
1937; 1; -1,0; -3,7; 2,0; 63; 0,35;-0,28;-0,14; 0,36;-0,23;-0,39
1937; 2;  1,8; -0,5; 4,6; 98; 1,75; 0,86; 0,67; 1,65; 0,78; 0,48
1937; 3;  3,3;  0,4; 7,0; 54; 0,75; 1,52; 0,94; 0,55; 1,39; 0,69
1937; 4;  8,2;  4,4;12,6; 72; 1,31; 1,82; 1,26; 1,14; 1,64; 0,99
1937; 5; 15,0;  8,8;22,1; 68;-0,42; 0,79; 1,03; 0,35; 1,02; 1,10
1937; 6; 16,5; 11,2;22,9; 92; 0,44; 0,67; 1,36; 0,76; 1,13; 1,69
1937; 7; 17,2; 12,1;23,0; 39;-0,72;-0,47; 0,77;-1,08;-0,08; 1,06
1937; 8; 17,0; 11,7;23,1; 46;-0,67;-0,62;-0,09;-0,76;-0,65; 0,08
1937; 9; 13,4;  9,0;19,2; 17;-1,15;-1,18;-0,62;-1,71;-1,96;-0,53
1937;10;  8,9;  4,8;13,8; 20;-1,06;-1,46;-1,21;-1,04;-2,19;-1,38
1937;11;  3,3;  0,9; 6,0; 25;-1,12;-1,75;-1,32;-1,15;-2,40;-1,92
1937;12; -0,5; -3,1; 1,5; 45;-0,51;-1,58;-1,64;-0,43;-1,63;-2,60
1938; 1;  1,0; -1,4; 3,6; 97; 1,48;-0,13;-1,37; 1,43;-0,11;-1,60
1938; 2;  0,8; -2,4; 4,2; 33;-0,50; 0,19;-1,29;-0,36; 0,24;-1,34
1938; 3;  6,5;  1,2;13,0; 22;-1,48;-0,29;-1,34;-0,86; 0,19;-1,08
1938; 4;  4,8;  0,6; 9,7; 20;-0,29;-1,19;-0,99;-1,23;-1,40;-0,98
1938; 5; 10,9;  5,1;17,4; 63; 0,16;-0,89;-0,51; 0,19;-1,15;-0,49
1938; 6; 16,3; 10,4;22,5; 19;-1,47;-1,14;-1,08;-2,15;-1,82;-1,09
1938; 7; 16,7; 11,8;22,9; 88; 0,37;-0,58;-1,11; 0,47;-0,63;-1,42
1938; 8; 17,2; 13,0;23,2; 99; 0,86;-0,19;-0,60; 0,87;-0,12;-0,78
1938; 9; 13,1;  8,1;20,0; 20;-1,33; 0,08;-0,62;-1,48; 0,17;-0,88
1938;10;  8,3;  5,3;12,4; 63; 0,57; 0,07;-0,41; 0,49; 0,14;-0,39
1938;11;  6,2;  3,6; 9,5; 44;-0,49;-0,74;-0,57;-0,26;-0,62;-0,54
1938;12; -2,2; -4,5; 0,1; 47;-0,42;-0,18;-0,09;-0,35;-0,22;-0,10
1939; 1;  2,3;  0,1; 4,7; 95; 1,43; 0,23; 0,16; 1,37; 0,26; 0,22
1939; 2;  1,2; -2,3; 4,7; 36;-0,40; 0,25;-0,49;-0,23; 0,30;-0,29
1939; 3;  1,4; -1,7; 5,5; 61; 0,98; 1,11; 0,50; 0,78; 0,98; 0,41
1939; 4;  8,8;  4,0;14,2; 34;-0,36; 0,08; 0,18;-0,37; 0,01; 0,13
1939; 5; 10,0;  5,8;14,5; 48; 0,57; 0,60; 0,57;-0,37;-0,12; 0,10
1939; 6; 16,3; 10,1;22,3; 31;-1,18;-0,72; 0,10;-1,39;-1,49;-0,25
1939; 7; 17,0; 11,6;22,6; 67;-0,07;-0,49;-0,43;-0,09;-1,14;-0,90
1939; 8; 17,5; 11,9;23,6; 76; 0,03;-0,70;-0,27; 0,26;-0,71;-0,69
1939; 9; 13,3;  9,4;18,3; 42;-0,07;-0,14;-0,55;-0,31;-0,20;-1,04
1939;10;  5,9;  3,3; 9,7;119; 1,72; 1,03; 0,25; 1,64; 1,07; 0,01
1939;11;  5,1;  2,3; 8,4;101; 1,43; 1,66; 0,49; 1,39; 1,66; 0,69
1939;12; -2,3; -4,6; 0,6; 38;-0,79; 1,47; 0,79;-0,70; 1,39; 0,83
1940; 1; -9,9;-14,4;-5,6; 26;-1,29;-0,16; 0,74;-1,41;-0,15; 0,66
1940; 2; -4,2; -8,3; 0,3; 28;-0,66;-1,51; 0,57;-0,61;-1,70; 0,38
1940; 3;  3,0; -0,6; 7,2; 83; 1,44; 0,03; 1,23; 1,40;-0,15; 1,01
1940; 4;  8,5;  3,3;14,1; 38;-0,29; 0,37; 0,13;-0,17; 0,38; 0,09
1940; 5; 12,2;  6,7;17,7; 41;-0,34; 0,37;-0,65;-0,67; 0,33;-0,90
1940; 6; 16,7; 10,4;22,4; 62;-0,35;-0,65;-0,53;-0,11;-0,75;-0,68
1940; 7; 16,1; 11,5;21,2;180; 2,25; 1,26; 1,22; 2,24; 1,27; 1,16
1940; 8; 14,3;  9,8;19,3; 61; 0,30; 1,49; 1,38;-0,21; 1,34; 1,24
1940; 9; 12,6;  8,6;17,4;102; 1,53; 2,14; 1,41; 1,52; 2,02; 1,25
1940;10;  7,3;  3,8;11,3; 24;-0,66; 0,67; 1,29;-0,83; 0,24; 1,02
1940;11;  5,3;  2,4; 8,3; 77; 0,76; 0,92; 1,62; 0,80; 0,79; 1,42
1940;12; -3,7; -6,6;-0,9; 71; 0,40; 0,15; 1,78; 0,39; 0,10; 1,56
1941; 1; -5,3; -7,6;-2,9; 75; 0,92; 0,99; 1,10; 0,77; 0,91; 0,77
1941; 2; -0,1; -2,9; 2,6; 45; 0,17; 0,65; 1,06; 0,14; 0,54; 0,88
1941; 3;  3,7; -0,3; 8,3; 58; 0,64; 0,82; 0,53; 0,69; 0,72; 0,46
1941; 4;  5,8;  2,0;10,2; 26; 0,01; 0,31; 0,85;-0,82;-0,03; 0,59
1941; 5;  9,4;  4,8;14,6; 98; 1,53; 1,36; 1,28; 1,21; 0,77; 0,78
1941; 6; 16,6; 11,0;22,1; 55;-0,34; 0,76; 1,00;-0,35; 0,11; 0,52
1941; 7; 18,4; 13,1;23,6; 87; 0,39; 0,84; 0,81; 0,45; 0,62; 0,39
1941; 8; 14,8; 11,2;19,3;104; 1,44; 0,80; 1,35; 0,99; 0,52; 0,81
1941; 9; 12,5;  7,6;17,9; 26;-0,77; 0,67; 0,89;-1,09; 0,33; 0,26
1941;10;  8,0;  5,6;11,1;148; 2,08; 1,96; 1,79; 2,10; 1,68; 1,52
1941;11;  1,7; -0,5; 4,0; 39;-0,50; 1,08; 1,19;-0,46; 0,95; 0,94
1941;12;  0,6; -1,8; 2,7; 81; 0,69; 1,64; 1,49; 0,64; 1,52; 1,26
1942; 1; -9,1;-12,8;-5,2; 32;-0,99;-0,37; 1,45;-1,04;-0,41; 1,02
1942; 2; -5,3; -9,4;-1,9; 20;-0,91;-0,60; 0,51;-1,07;-0,64; 0,27
1942; 3;  2,1; -1,7; 6,6; 31;-0,22;-1,19; 0,77;-0,37;-1,61; 0,47
1942; 4;  8,0;  3,7;13,1; 30;-0,28;-0,76;-0,82;-0,58;-1,22;-1,13
1942; 5; 12,9;  7,5;18,4;109; 1,40; 0,71; 0,18; 1,48; 0,51;-0,16
1942; 6; 14,7;  9,0;19,9; 43;-0,42; 0,47;-0,32;-0,82; 0,18;-0,90
1942; 7; 16,0; 11,4;20,8;106; 1,13; 1,16; 0,52; 0,89; 0,90; 0,00
1942; 8; 17,7; 11,8;24,3; 30;-1,31;-0,28; 0,15;-1,52;-0,61;-0,23
1942; 9; 15,8; 11,5;21,2; 43;-0,34;-0,19; 0,06;-0,26;-0,31;-0,18
1942;10; 10,7;  7,2;14,8; 69; 0,63;-0,83; 0,32; 0,64;-0,66; 0,22
1942;11;  2,8;  1,1; 4,6; 42;-0,33;-0,08;-0,32;-0,33;-0,06;-0,54
1942;12;  1,3; -1,3; 3,6; 32;-1,06;-0,39;-0,40;-0,96;-0,43;-0,59
1943; 1; -1,7; -5,2; 1,5; 40;-0,77;-1,30;-1,39;-0,61;-1,30;-1,49
1943; 2;  2,7; -1,0; 7,0; 20;-1,36;-1,72;-1,19;-1,07;-1,70;-1,19
1943; 3;  6,3;  1,0;12,2; 11;-1,79;-2,10;-1,61;-1,73;-2,02;-1,56
1943; 4;  9,4;  4,6;15,0; 50; 0,12;-1,43;-1,82; 0,36;-1,22;-1,81
1943; 5; 13,5;  7,4;19,3; 52;-0,34;-1,12;-1,80;-0,21;-0,92;-1,75
1943; 6; 14,5; 10,2;19,3;110; 1,47; 0,90;-0,51; 1,19; 0,77;-0,60
1943; 7; 17,9; 11,9;23,8; 53;-0,62; 0,31;-0,61;-0,54; 0,21;-0,61
1943; 8; 18,1; 13,1;24,1; 96; 0,61; 0,73;-0,02; 0,79; 0,72; 0,09
1943; 9; 13,8;  9,8;18,9; 76; 0,87; 0,24; 0,65; 0,85; 0,45; 0,74
1943;10;  9,9;  5,0;15,9;  0;-2,14;-0,19; 0,06;-2,39;-0,04; 0,06
1943;11;  2,8;  0,8; 5,5; 68; 0,56;-0,34; 0,32; 0,55;-0,26; 0,32
1943;12; -0,3; -2,2; 1,8; 27;-1,20;-1,61;-0,63;-1,21;-1,50;-0,62
1944; 1;  2,6;  0,6; 4,8; 78; 0,94; 0,04;-0,16; 0,87; 0,01;-0,10
1944; 2; -1,0; -3,5; 1,6; 45; 0,23;-0,25;-0,48; 0,14;-0,26;-0,45
1944; 3;  1,2;  1,1; 4,4; 41; 0,78; 0,94;-0,63; 0,08; 0,44;-0,81
1944; 4;  8,6;  3,9;14,0; 52; 0,34; 0,59; 0,43; 0,44; 0,16; 0,05
1944; 5; 12,0;  5,5;17,9; 27;-1,07;-0,22;-0,28;-1,41;-0,72;-0,65
1944; 6; 14,1;  9,4;18,9; 74; 0,69;-0,01; 0,52; 0,27;-0,46;-0,07
1944; 7; 16,7; 12,2;21,3; 94; 0,91; 0,45; 0,63; 0,62;-0,15;-0,08
1944; 8; 19,3; 13,2;25,7; 45;-1,06; 0,29; 0,12;-0,81; 0,00;-0,45
1944; 9; 12,3;  8,0;17,3; 63; 0,58; 0,17; 0,06; 0,46; 0,09;-0,26
1944;10;  8,8;  6,3;12,3; 54; 0,42;-0,34; 0,08; 0,25;-0,24;-0,32
1944;11;  3,6;  1,8; 5,6;110; 1,74; 1,30; 0,97; 1,59; 1,16; 0,74
1944;12; -1,0; -3,2; 1,6; 60; 0,03; 1,10; 0,73; 0,07; 0,92; 0,65
1945; 1; -4,3; -7,6;-1,5; 41;-0,61; 0,84; 0,22;-0,56; 0,71; 0,28
1945; 2;  4,1;  1,8; 6,7; 69; 0,99; 0,14; 1,11; 0,91; 0,14; 0,91
1945; 3;  6,0;  1,7;10,7; 16;-1,23;-0,54; 0,51;-1,28;-0,41; 0,46
1945; 4;  9,2;  3,8;15,2; 30;-0,80;-0,64; 0,10;-0,58;-0,34; 0,25
1945; 5; 14,5;  7,9;20,6; 83; 0,34;-0,92;-0,56; 0,81;-0,47;-0,21
1945; 6; 16,8; 10,5;22,9; 96; 0,42; 0,04;-0,30; 0,86; 0,71; 0,20
1945; 7; 18,2; 12,2;24,0; 65;-0,36; 0,09;-0,35;-0,15; 0,68; 0,26
1945; 8; 16,0; 11,4;21,3;120; 1,43; 0,74; 0,11; 1,35; 1,04; 0,58
1945; 9; 13,7;  9,2;19,5; 21;-1,05; 0,13; 0,05;-1,41; 0,15; 0,48
1945;10;  9,2;  5,2;14,0; 15;-1,25;-0,19;-0,09;-1,34;-0,36; 0,22
1945;11;  3,3;  0,9; 5,7; 27;-1,02;-1,74;-0,44;-1,03;-2,37;-0,40
1945;12;  0,7; -1,1; 3,3; 36;-0,88;-1,82;-0,80;-0,78;-1,97;-1,11
1946; 1; -2,7; -7,3; 1,1; 31;-1,27;-1,78;-1,16;-1,10;-1,86;-1,60
1946; 2;  2,7; -0,4; 5,2;133; 2,31; 0,71;-0,98; 2,37; 0,70;-0,92
1946; 3;  4,5;  0,1; 9,4; 29;-0,62; 0,91;-0,79;-0,47; 1,00;-0,63
1946; 4; 10,3;  2,1;18,2; 22;-1,99; 0,20;-1,02;-1,09; 1,01;-0,42
1946; 5; 14,3;  8,0;20,8; 97; 0,69;-1,05;-0,29; 1,19; 0,01; 0,46
1946; 6; 14,7;  9,7;20,0; 87; 0,79;-0,06; 0,46; 0,63; 0,65; 1,08
1946; 7; 18,5; 12,4;24,8; 68;-0,45; 0,42; 0,38;-0,06; 0,81; 1,21
1946; 8; 16,5; 11,1;22,2; 73; 0,15; 0,13;-0,44; 0,17; 0,24; 0,14
1946; 9; 14,3;  9,9;19,6; 46;-0,13;-0,32;-0,34;-0,14;-0,17; 0,22
1946;10;  6,6;  3,7; 9,9; 66; 0,77; 0,28; 0,44; 0,57; 0,20; 0,65
1946;11;  3,0;  0,7; 5,1; 19;-1,29;-0,30;-0,11;-1,53;-0,53;-0,21
1946;12; -2,9; -5,0;-1,0; 36;-0,81;-0,64;-0,62;-0,78;-0,88;-0,77
1947; 1; -4,9; -7,5;-2,2; 39;-0,67;-1,65;-0,73;-0,66;-1,86;-1,11
1947; 2; -6,2; -9,2;-3,0; 40; 0,11;-0,93;-0,85;-0,06;-1,07;-1,19
1947; 3;  3,1; -0,8; 7,2; 94; 1,67; 0,86;-0,01; 1,67; 0,62;-0,29
1947; 4;  9,9;  4,5;15,9; 53;-0,01; 0,98;-0,31; 0,48; 1,06;-0,38
1947; 5; 15,0;  9,6;20,3; 19;-1,31; 0,13;-0,45;-1,96; 0,42;-0,48
1947; 6; 18,3; 12,7;24,0; 85; 0,24;-0,64;-0,01; 0,57;-0,37; 0,13
1947; 7; 19,6; 13,9;25,1; 42;-0,86;-1,02;-0,36;-0,96;-1,14;-0,08
1947; 8; 19,7; 14,0;25,4; 10;-1,68;-1,25;-1,00;-3,10;-1,48;-0,90
1947; 9; 17,6; 12,1;23,6; 13;-1,78;-1,84;-1,68;-2,06;-3,09;-2,26
1947;10;  7,8;  3,0;12,9;  7;-1,59;-2,27;-1,99;-1,95;-4,54;-3,27
1947;11;  4,5;  2,4; 6,9; 95; 1,36;-1,17;-1,49; 1,25;-0,89;-1,71
1947;12;  0,2; -1,6; 2,0;157; 2,13; 1,37;-0,89; 2,14; 1,40;-0,56
1948; 1;  2,7;  0,1; 4,9; 95; 1,42; 2,44;-0,18; 1,37; 2,67; 0,34
1948; 2; -0,1; -2,8; 2,8; 91; 1,60; 2,69; 1,35; 1,48; 2,77; 1,61
1948; 3;  6,2;  1,5;11,2; 20;-1,18; 1,10; 1,70;-0,99; 1,23; 1,79
1948; 4; 10,3;  5,9;15,5; 20;-0,92;-0,22; 1,82;-1,23; 0,01; 2,03
1948; 5; 14,2;  9,3;19,7; 36;-0,62;-1,49; 1,16;-0,91;-2,14; 1,33
1948; 6; 15,8; 11,1;20,8; 87; 0,83;-0,25; 0,45; 0,63;-0,70; 0,40
1948; 7; 16,0; 11,8;20,2;122; 1,58; 1,17; 0,83; 1,22; 0,70; 0,48
1948; 8; 16,5; 12,1;21,1; 70; 0,48; 1,59; 0,51; 0,08; 1,01;-0,14
1948; 9; 13,5;  9,1;18,5;  8;-1,29; 0,71; 0,34;-2,64; 0,05;-0,41
1948;10;  8,5;  4,8;12,8; 22;-0,85;-0,83; 0,33;-0,93;-1,69;-0,48
1948;11;  3,1;  0,5; 5,8; 25;-1,12;-1,73; 0,26;-1,15;-2,67;-0,53
1948;12; -1,1; -3,5; 1,1; 16;-1,64;-2,04;-0,46;-1,90;-2,45;-1,42
1949; 1;  0,0; -2,4; 1,9; 38;-0,77;-2,03;-1,75;-0,71;-2,33;-3,00
1949; 2; -0,2; -3,3; 3,2; 27;-0,74;-1,76;-2,21;-0,66;-2,04;-3,39
1949; 3;  2,1; -2,1; 6,5; 39; 0,07;-0,84;-1,85;-0,01;-0,98;-2,46
1949; 4; 10,7;  5,5;16,7; 31;-0,90;-0,88;-1,87;-0,53;-0,78;-2,18
1949; 5; 12,5;  8,4;17,1; 87; 1,32; 0,45;-0,77; 0,92; 0,22;-1,16
1949; 6; 14,2;  8,9;19,4; 41;-0,36; 0,17;-0,37;-0,91;-0,32;-0,94
1949; 7; 18,1; 11,7;24,5; 15;-1,56;-0,61;-0,98;-2,49;-1,20;-1,50
1949; 8; 17,7; 11,6;24,7; 37;-1,26;-1,62;-1,21;-1,16;-2,62;-1,77
1949; 9; 16,3; 11,1;22,7; 48;-0,57;-1,68;-1,26;-0,06;-2,01;-1,64
1949;10; 10,4;  5,8;16,3; 13;-1,61;-1,70;-1,44;-1,47;-1,74;-2,04
1949;11;  3,3;  0,6; 6,4; 35;-0,77;-1,55;-1,88;-0,63;-1,36;-2,82
1949;12;  2,4;  0,3; 4,5; 67; 0,25;-1,26;-1,90; 0,27;-1,02;-2,19
1950; 1; -1,9; -4,9; 1,3; 44;-0,54;-0,65;-1,83;-0,42;-0,54;-1,71
1950; 2;  2,1; -0,9; 5,3; 84; 1,37; 0,60;-0,90; 1,31; 0,61;-0,49
1950; 3;  4,2; -0,4; 9,4;  8;-1,54;-0,37;-1,19;-2,07;-0,17;-0,94
1950; 4;  6,4;  2,4;11,1; 58; 0,95; 0,48;-0,08; 0,66; 0,40;-0,16
1950; 5; 14,0;  8,2;20,0; 75; 0,32;-0,11; 0,32; 0,57;-0,16; 0,30
1950; 6; 17,8; 11,8;24,1; 48;-0,94;-0,05;-0,28;-0,62; 0,15;-0,07
1950; 7; 18,3; 12,9;24,1;114; 0,82; 0,10; 0,27; 1,06; 0,57; 0,62
1950; 8; 17,1; 11,8;23,3; 87; 0,37; 0,11; 0,04; 0,56; 0,57; 0,33
1950; 9; 12,7;  9,6;16,6; 95; 1,58; 1,32; 0,96; 1,36; 1,44; 1,18
1950;10;  7,4;  4,1;11,7; 36;-0,26; 0,92; 0,60;-0,33; 0,77; 0,85
1950;11;  3,6;  1,4; 5,9;101; 1,51; 1,45; 0,96; 1,39; 1,23; 1,17
1950;12; -2,4; -4,8;-0,3; 33;-0,95; 0,18; 1,11;-0,92; 0,07; 1,07
1951; 1;  1,4; -1,1; 3,3; 52;-0,11; 0,34; 0,91;-0,07; 0,26; 0,69
1951; 2;  1,9; -0,8; 5,2; 48; 0,19;-0,71; 0,82; 0,25;-0,64; 0,52
1951; 3;  2,3; -1,4; 6,3; 44; 0,35; 0,12; 0,08; 0,19; 0,01;-0,01
1951; 4;  7,4;  2,5;13,2; 25;-0,67;-0,22; 0,04;-0,88;-0,29;-0,06
1951; 5; 12,1;  6,7;17,6; 68; 0,51; 0,02;-0,39; 0,35;-0,27;-0,65
1951; 6; 15,6; 11,1;21,0;117; 1,40; 0,95; 0,78; 1,35; 0,73; 0,48
1951; 7; 17,7; 12,0;23,3; 48;-0,60; 0,65; 0,34;-0,72; 0,51; 0,15
1951; 8; 17,4; 12,8;23,1; 45;-0,52; 0,10; 0,10;-0,81;-0,05;-0,25
1951; 9; 14,3;  9,6;20,1; 57; 0,08;-0,65;-0,01; 0,26;-0,86;-0,19
1951;10;  7,8;  3,0;14,0; 13;-1,51;-1,05;-0,24;-1,47;-1,29;-0,44
1951;11;  5,9;  3,4; 8,5; 75; 0,73;-0,48;-0,23; 0,75;-0,24;-0,26
1951;12;  1,0; -0,9; 3,0; 40;-0,70;-0,93;-1,00;-0,62;-0,73;-1,19
1952; 1; -0,6; -2,6; 1,3; 66; 0,56; 0,20;-0,83; 0,47; 0,17;-0,83
1952; 2; -1,2; -3,7; 1,2; 39;-0,01;-0,33;-0,63;-0,10;-0,37;-0,51
1952; 3;  2,8; -0,8; 6,9;106; 1,92; 1,50; 0,33; 1,95; 1,32; 0,32
1952; 4; 10,6;  5,6;16,5; 41;-0,45; 0,96; 0,80;-0,03; 1,04; 0,78
1952; 5; 12,4;  7,2;18,2; 35;-0,60; 0,59; 0,24;-0,96; 0,77; 0,18
1952; 6; 15,9; 10,3;21,6; 69; 0,04;-0,60; 0,50; 0,11;-0,65; 0,50
1952; 7; 19,8; 13,1;26,5; 10;-1,85;-1,50;-0,80;-2,99;-1,91;-0,55
1952; 8; 18,8; 12,8;25,5; 36;-1,29;-1,65;-1,18;-1,21;-2,01;-0,99
1952; 9; 10,5;  7,3;14,7; 99; 1,67;-1,05;-1,11; 1,45;-0,96;-1,16
1952;10;  6,9;  3,7;10,6; 71; 0,83; 0,53;-0,82; 0,69; 0,57;-0,82
1952;11;  1,5; -0,6; 4,0; 97; 1,43; 1,88;-0,27; 1,30; 1,72; 0,07
1952;12; -1,2; -3,4; 0,9; 76; 0,57; 1,33;-0,10; 0,52; 1,20; 0,23
1953; 1; -2,0; -4,7; 0,1; 28;-1,26; 0,66; 0,79;-1,28; 0,53; 0,73
1953; 2; -0,2; -2,8; 2,7; 47; 0,25;-0,24; 1,51; 0,21;-0,24; 1,16
1953; 3;  5,6; -0,7;12,5;  5;-2,23;-1,84;-0,05;-2,54;-1,70; 0,12
1953; 4;  9,9;  3,7;16,7; 24;-1,41;-1,77;-0,95;-0,95;-1,37;-0,44
1953; 5; 14,2;  8,2;20,3; 44;-0,76;-2,12;-1,78;-0,54;-2,25;-1,40
1953; 6; 16,6; 11,9;21,8;130; 1,59; 0,14;-0,97; 1,62; 0,50;-0,68
1953; 7; 17,8; 12,9;23,7; 71;-0,03; 0,59;-0,59; 0,02; 0,70;-0,25
1953; 8; 16,8; 10,7;23,7; 31;-1,30; 0,17;-1,06;-1,46; 0,31;-0,87
1953; 9; 14,0;  8,5;20,6; 25;-1,24;-1,16;-0,86;-1,15;-1,35;-0,66
1953;10; 10,1;  5,8;15,4; 28;-0,90;-1,75;-0,79;-0,65;-2,16;-0,70
1953;11;  3,7;  1,0; 6,2;  7;-1,79;-2,00;-0,96;-2,71;-2,48;-1,11
1953;12;  2,0;  0,1; 4,0; 26;-1,26;-2,23;-1,84;-1,26;-2,52;-2,68
1954; 1; -4,0; -6,7;-1,5; 68; 0,63;-1,58;-2,24; 0,54;-1,65;-2,87
1954; 2; -3,5; -7,0; 0,2; 17;-1,14;-1,13;-2,08;-1,28;-1,17;-2,59
1954; 3;  4,9;  0,3;10,4; 19;-1,20;-1,06;-2,04;-1,06;-0,98;-2,51
1954; 4;  6,4;  1,8;11,2; 59; 0,89;-0,64;-1,45; 0,70;-0,83;-1,79
1954; 5; 12,6;  6,5;18,5; 29;-1,02;-0,83;-1,24;-1,29;-1,09;-1,51
1954; 6; 16,7; 10,9;22,8; 45;-0,82;-0,75;-1,17;-0,74;-0,95;-1,40
1954; 7; 14,4; 10,9;19,0;135; 1,87; 0,43;-0,07; 1,48; 0,10;-0,49
1954; 8; 16,0; 11,1;22,0;101; 0,88; 1,24; 0,58; 0,92; 1,04; 0,30
1954; 9; 13,2;  9,5;18,4;118; 1,77; 2,23; 1,45; 1,88; 2,15; 1,28
1954;10;  9,4;  5,7;14,2; 68; 0,55; 1,71; 1,36; 0,61; 1,80; 1,29
1954;11;  3,0;  0,0; 6,5; 22;-1,31; 0,89; 1,41;-1,33; 0,87; 1,25
1954;12;  2,3;  0,5; 4,0; 68; 0,32;-0,20; 1,73; 0,30;-0,15; 1,53
1955; 1; -2,6; -5,3; 0,4; 52;-0,11;-0,73; 1,07;-0,07;-0,63; 1,00
1955; 2; -2,3; -5,5; 1,3; 58; 0,65; 0,33; 0,86; 0,58; 0,30; 0,78
1955; 3;  1,1; -2,9; 5,4; 28;-0,26; 0,02;-0,27;-0,52;-0,12;-0,26
1955; 4;  7,2;  1,8;12,6; 28;-0,51;-0,21;-0,64;-0,70;-0,36;-0,76
1955; 5; 10,5;  4,6;16,8; 52;-0,09;-0,61;-0,21;-0,21;-1,06;-0,40
1955; 6; 15,3;  9,9;20,9; 67; 0,11;-0,30;-0,26; 0,05;-0,60;-0,57
1955; 7; 17,4; 12,8;22,5;106; 0,99; 0,59; 0,30; 0,89; 0,37; 0,00
1955; 8; 16,4; 11,6;22,0;117; 1,28; 1,27; 0,72; 1,28; 1,16; 0,43
1955; 9; 13,2;  8,7;19,1; 67; 0,46; 1,35; 0,85; 0,59; 1,37; 0,74
1955;10;  7,6;  3,7;12,3; 31;-0,55; 0,71; 0,81;-0,52; 0,72; 0,68
1955;11;  3,1;  0,3; 5,9; 15;-1,52;-0,84; 0,50;-1,84;-0,93; 0,32
1955;12;  1,3; -1,4; 3,8;113; 1,42;-0,17; 0,97; 1,35;-0,13; 0,89
1956; 1; -0,7; -3,4; 1,9; 51;-0,17; 0,09; 0,61;-0,11; 0,13; 0,56
1956; 2;-10,0;-14,8;-5,3; 18;-0,87; 0,47;-0,42;-1,21; 0,37;-0,43
1956; 3;  2,9; -1,6; 7,6; 43; 0,09;-0,61;-0,62; 0,16;-0,76;-0,63
1956; 4;  6,0;  1,7;11,1; 65; 1,08; 0,23; 0,19; 0,91;-0,09;-0,04
1956; 5; 13,1;  6,6;19,2; 36;-0,98;-0,08; 0,25;-0,91;-0,09; 0,17
1956; 6; 13,4;  9,7;18,0;125; 1,87; 1,37; 0,80; 1,52; 1,02; 0,25
1956; 7; 17,2; 12,4;22,3;125; 1,33; 1,52; 1,40; 1,28; 1,31; 0,93
1956; 8; 14,3;  9,7;19,8;109; 1,27; 2,40; 1,92; 1,11; 2,05; 1,67
1956; 9; 13,9;  8,7;20,0; 39;-0,62; 1,19; 1,67;-0,43; 1,14; 1,41
1956;10;  7,9;  4,7;12,1; 46; 0,07; 0,46; 1,39; 0,01; 0,36; 1,12
1956;11;  1,8; -1,0; 4,3; 43;-0,38;-0,62; 1,63;-0,29;-0,59; 1,23
1956;12;  0,9; -1,5; 3,1; 38;-0,81;-0,69; 0,60;-0,70;-0,75; 0,36
1957; 1; -1,1; -4,4; 1,6; 42;-0,64;-1,13;-0,28;-0,52;-1,08;-0,51
1957; 2;  3,4;  0,7; 6,7; 90; 1,50; 0,06;-0,51; 1,46; 0,14;-0,39
1957; 3;  6,7;  2,2;12,0; 41;-0,38; 0,37;-0,39; 0,08; 0,62;-0,21
1957; 4;  8,2;  2,4;14,5; 13;-1,43;-0,21;-0,89;-1,84; 0,28;-0,59
1957; 5; 10,2;  3,9;16,0; 46;-0,17;-1,18;-0,81;-0,45;-1,31;-0,65
1957; 6; 17,9; 11,2;24,2; 74;-0,39;-1,10;-0,70; 0,27;-0,95;-0,23
1957; 7; 18,7; 13,5;23,9; 75; 0,11;-0,29;-0,43; 0,13;-0,15; 0,00
1957; 8; 15,0; 10,1;20,7; 91; 0,77; 0,18;-0,48; 0,67; 0,43;-0,35
1957; 9; 11,6;  7,8;16,1;139; 2,18; 1,55; 0,58; 2,31; 1,56; 0,75
1957;10;  8,7;  4,5;13,2; 16;-1,16; 1,37; 0,63;-1,27; 1,21; 0,70
1957;11;  3,9;  1,6; 6,4; 16;-1,45; 0,48; 0,35;-1,76; 0,25; 0,41
1957;12; -0,1; -2,9; 2,1; 47;-0,46;-1,78; 0,43;-0,35;-1,94; 0,18
1958; 1; -1,2; -4,3; 1,5; 58; 0,14;-1,18; 0,51; 0,17;-1,13; 0,20
1958; 2;  1,8; -1,6; 5,0; 88; 1,46; 0,56; 0,66; 1,41; 0,57; 0,50
1958; 3; -0,4; -4,7; 3,9; 33; 0,02; 0,87;-0,80;-0,27; 0,74;-0,83
1958; 4;  5,5;  0,8;10,5; 33; 0,04; 0,73;-0,22;-0,42; 0,47;-0,47
1958; 5; 14,0;  8,6;20,0; 98; 0,99; 0,60; 0,75; 1,21; 0,38; 0,58
1958; 6; 14,9;  9,4;20,4; 84; 0,58; 0,91; 1,14; 0,55; 0,82; 1,02
1958; 7; 17,3; 11,8;22,9; 83; 0,25; 0,88; 1,08; 0,35; 1,01; 1,01
1958; 8; 17,2; 12,1;23,3; 76; 0,13; 0,42; 0,66; 0,26; 0,48; 0,54
1958; 9; 14,5;  9,6;20,2; 63; 0,25; 0,23; 0,65; 0,46; 0,41; 0,74
1958;10;  8,6;  5,0;12,7; 50; 0,15; 0,10; 0,67; 0,13; 0,27; 0,84
1958;11;  4,6;  2,6; 6,5; 18;-1,32;-0,51; 0,00;-1,60;-0,53;-0,02
1958;12;  2,0; -0,8; 4,3; 77; 0,54;-0,36;-0,05; 0,54;-0,39;-0,02
1959; 1; -0,5; -4,1; 2,4; 55;-0,05;-0,54;-0,25; 0,05;-0,46;-0,19
1959; 2;  0,0; -4,4; 4,7;  9;-1,84;-0,71;-0,88;-2,02;-0,46;-0,78
1959; 3;  6,8;  1,9;12,5; 31;-0,93;-1,58;-1,30;-0,37;-1,23;-1,12
1959; 4;  9,9;  3,8;16,5; 36;-0,91;-1,72;-1,63;-0,26;-1,37;-1,25
1959; 5; 13,4;  7,4;19,3; 45;-0,57;-1,36;-1,40;-0,50;-0,94;-0,92
1959; 6; 16,8; 10,3;22,9; 45;-0,95;-1,42;-1,90;-0,74;-1,13;-1,70
1959; 7; 19,8; 13,0;26,7; 35;-1,47;-1,66;-2,00;-1,26;-1,63;-2,22
1959; 8; 17,5; 12,0;23,6; 88; 0,35;-1,20;-1,58; 0,59;-0,82;-1,26
1959; 9; 13,6;  6,2;22,0;  2;-2,47;-1,58;-1,78;-4,01;-1,39;-1,77
1959;10;  8,0;  1,9;15,3; 55;-0,22;-1,19;-1,74; 0,28;-0,59;-1,57
1959;11;  2,7;  0,0; 5,6; 41;-0,51;-1,82;-1,70;-0,38;-1,31;-1,49
1959;12;  2,2; -0,2; 4,2; 55;-0,17;-0,59;-1,59;-0,08;-0,28;-1,22
1960; 1; -0,8; -3,4; 1,4; 56; 0,09;-0,47;-1,29; 0,09;-0,41;-0,82
1960; 2;  0,1; -3,4; 3,2; 33;-0,46;-0,48;-1,67;-0,36;-0,39;-1,26
1960; 3;  5,0;  1,2; 9,5; 27;-0,60;-0,69;-0,95;-0,57;-0,66;-0,69
1960; 4;  8,1;  2,7;13,9; 31;-0,59;-0,93;-1,00;-0,53;-0,94;-0,97
1960; 5; 13,3;  6,8;19,7; 54;-0,50;-1,05;-1,02;-0,14;-0,94;-0,87
1960; 6; 17,0; 10,8;23,2; 23;-1,48;-1,60;-1,63;-1,87;-1,64;-1,65
1960; 7; 15,9; 10,1;21,4; 82; 0,32;-0,90;-1,21; 0,32;-0,85;-1,34
1960; 8; 16,0; 10,7;21,8; 62;-0,10;-0,71;-1,07;-0,18;-0,84;-1,28
1960; 9; 12,4;  7,0;18,4; 52;-0,07; 0,02;-0,91; 0,09;-0,01;-0,95
1960;10;  8,9;  5,1;12,8;122; 1,67; 0,90;-0,14; 1,69; 1,06; 0,16
1960;11;  5,5;  2,4; 8,0; 91; 1,19; 1,52; 0,36; 1,16; 1,70; 0,65
1960;12;  0,4; -2,2; 2,3; 69; 0,33; 1,66; 1,06; 0,33; 1,70; 1,19
1961; 1; -1,3; -4,2; 1,2; 55; 0,03; 0,82; 1,16; 0,05; 0,77; 1,27
1961; 2;  3,7;  0,7; 7,1; 64; 0,72; 0,44; 1,47; 0,77; 0,48; 1,55
1961; 3;  6,2;  1,0;11,6; 25;-1,10;-0,35; 1,25;-0,69; 0,01; 1,37
1961; 4; 11,8;  6,7;17,6; 60; 0,15;-0,22; 0,38; 0,74; 0,38; 0,74
1961; 5; 10,4;  5,4;15,6;100; 1,47; 0,61; 0,69; 1,26; 0,83; 0,78
1961; 6; 16,0; 10,0;22,3;108; 0,78; 1,40; 0,95; 1,15; 1,74; 1,25
1961; 7; 14,9;  9,9;20,2; 94; 0,80; 1,54; 1,20; 0,62; 1,53; 1,38
1961; 8; 16,1; 10,9;22,1; 58;-0,24; 0,69; 0,87;-0,31; 0,74; 1,01
1961; 9; 16,8; 11,1;23,8; 27;-1,51;-0,30; 0,60;-1,04;-0,31; 0,85
1961;10; 10,0;  5,7;15,3; 39;-0,49;-1,20; 0,41;-0,22;-1,07; 0,52
1961;11;  3,4;  0,5; 6,3; 43;-0,45;-1,42;-0,29;-0,29;-1,03;-0,09
1961;12; -0,7; -4,2; 2,6; 86; 0,77;-0,14;-0,36; 0,77; 0,03;-0,27
1962; 1;  1,0; -1,2; 3,4; 56; 0,07; 0,20;-0,96; 0,09; 0,24;-0,63
1962; 2; -0,5; -3,2; 2,2; 63; 0,87; 0,84;-0,63; 0,74; 0,78;-0,16
1962; 3;  0,2; -3,7; 4,7; 60; 0,91; 0,93; 0,40; 0,75; 0,74; 0,42
1962; 4;  9,1;  4,3;14,8; 39;-0,28; 0,66; 0,57;-0,12; 0,62; 0,52
1962; 5;  9,9;  5,2;15,1; 57; 0,58; 0,60; 0,91;-0,02; 0,20; 0,63
1962; 6; 14,7;  8,0;20,8; 24;-1,29;-0,76;-0,06;-1,80;-1,29;-0,34
1962; 7; 15,4; 10,4;21,1; 75; 0,27;-0,33; 0,02; 0,13;-0,92;-0,29
1962; 8; 16,5; 10,1;23,3; 57;-0,66;-0,88;-0,43;-0,35;-1,07;-0,76
1962; 9; 12,5;  7,1;18,8; 60; 0,12;-0,21;-0,62; 0,36;-0,08;-0,84
1962;10;  8,4;  3,6;14,6; 12;-1,59;-1,14;-0,94;-1,54;-0,95;-1,33
1962;11;  1,7; -1,2; 4,7; 17;-1,43;-1,47;-1,36;-1,68;-1,55;-1,82
1962;12; -4,6; -7,7;-1,5; 83; 0,75;-1,27;-0,81; 0,69;-1,08;-0,83
1963; 1; -7,5;-11,1;-4,3; 26;-1,31;-1,01;-1,51;-1,41;-1,00;-1,51
1963; 2; -5,7;-10,5;-1,2; 12;-1,38;-0,90;-1,63;-1,70;-0,92;-1,82
1963; 3;  2,5; -2,3; 7,2; 49; 0,32;-1,23;-1,62; 0,38;-1,48;-1,83
1963; 4;  9,2;  3,6;15,1; 58; 0,24;-0,38;-0,94; 0,66;-0,25;-0,94
1963; 5; 12,8;  7,0;18,5; 33;-0,79;-0,36;-0,77;-1,07;-0,19;-0,79
1963; 6; 15,9; 10,3;22,0;122; 1,19; 0,49;-0,32; 1,46; 0,78;-0,33
1963; 7; 18,4; 11,9;25,2; 40;-1,20;-0,49;-0,67;-1,04;-0,15;-0,35
1963; 8; 16,2; 11,3;22,0;111; 1,12; 0,45; 0,18; 1,15; 0,92; 0,62
1963; 9; 14,0;  9,0;20,1; 53;-0,13;-0,26; 0,02; 0,12; 0,12; 0,51
1963;10;  7,5;  3,0;12,7; 31;-0,66; 0,24;-0,24;-0,52; 0,38; 0,09
1963;11;  7,2;  4,0;10,3; 95; 1,24; 0,11; 0,35; 1,25; 0,39; 0,87
1963;12; -4,0; -6,9;-1,4;  9;-1,90;-0,73;-0,61;-2,57;-0,59;-0,37
1964; 1; -4,5; -7,9;-1,6; 23;-1,53;-1,08;-0,43;-1,62;-0,98;-0,44
1964; 2;  0,1; -3,8; 3,6; 29;-0,72;-2,14;-1,33;-0,56;-2,75;-1,29
1964; 3;  0,9; -2,7; 4,9; 31;-0,05;-1,24;-1,33;-0,37;-1,61;-1,49
1964; 4;  9,2;  3,9;14,8; 37;-0,42;-0,68;-1,18;-0,22;-0,78;-1,29
1964; 5; 14,3;  7,5;20,3; 53;-0,59;-0,77;-1,83;-0,17;-0,69;-2,20
1964; 6; 18,2; 11,1;24,8; 36;-1,53;-1,60;-1,88;-1,14;-1,13;-1,94
1964; 7; 19,4; 11,8;26,5; 15;-1,91;-2,16;-1,98;-2,49;-2,18;-2,22
1964; 8; 16,4; 10,6;22,9; 91; 0,38;-1,65;-1,70; 0,67;-1,37;-1,55
1964; 9; 13,4;  8,1;19,8; 36;-0,76;-1,31;-1,70;-0,57;-1,02;-1,49
1964;10;  7,4;  3,8;11,4; 44; 0,01;-0,29;-1,68;-0,05;-0,06;-1,49
1964;11;  4,6;  2,4; 7,1; 69; 0,57;-0,27;-1,46; 0,58;-0,16;-1,12
1964;12; -0,3; -2,7; 1,6; 32;-1,01;-0,31;-1,27;-0,96;-0,39;-1,07
1965; 1;  0,6; -1,2; 2,3;107; 1,76; 0,77; 0,21; 1,70; 0,66; 0,36
1965; 2; -2,4; -5,7; 0,3; 35;-0,22; 0,31;-0,08;-0,27; 0,22;-0,04
1965; 3;  2,1; -2,0; 6,7; 61; 0,81; 1,31; 0,58; 0,78; 1,18; 0,44
1965; 4;  6,9;  2,6;12,3; 91; 1,63; 1,22; 1,30; 1,69; 1,06; 1,11
1965; 5; 12,0;  7,0;17,1; 86; 1,11; 1,90; 1,49; 0,89; 1,85; 1,25
1965; 6; 16,1; 10,9;21,3; 79; 0,48; 1,62; 1,88; 0,41; 1,54; 1,83
1965; 7; 15,6; 11,6;20,5; 86; 0,83; 1,22; 1,66; 0,42; 0,79; 1,23
1965; 8; 15,1;  9,3;21,2; 50;-0,48; 0,42; 1,42;-0,61; 0,03; 1,10
1965; 9; 12,3;  8,1;17,7; 62; 0,49; 0,38; 1,27; 0,43; 0,02; 0,93
1965;10;  8,1;  3,0;14,1;  8;-1,72;-0,92; 0,31;-1,87;-1,17;-0,14
1965;11;  1,6; -1,5; 4,6;118; 1,84; 0,43; 0,51; 1,76; 0,55; 0,32
1965;12;  2,8;  0,6; 4,7;135; 1,81; 1,31; 1,04; 1,77; 1,43; 1,00
1966; 1; -2,9; -6,0;-0,4; 40;-0,67; 1,93; 0,69;-0,61; 1,96; 0,80
1966; 2;  5,2;  2,0; 8,5; 72; 0,95; 1,50; 1,25; 1,00; 1,46; 1,35
1966; 3;  3,3; -0,4; 6,9; 61; 0,91; 0,69; 1,42; 0,78; 0,62; 1,45
1966; 4; 10,0;  5,7;14,9; 85; 1,39; 1,54; 2,19; 1,53; 1,55; 2,36
1966; 5; 13,6;  7,9;19,0; 71; 0,43; 1,40; 1,72; 0,45; 1,47; 1,84
1966; 6; 17,3; 11,6;22,7;116; 1,10; 1,51; 1,51; 1,33; 1,80; 1,66
1966; 7; 15,7; 11,4;20,3;119; 1,46; 1,60; 2,18; 1,16; 1,59; 2,16
1966; 8; 16,1; 11,3;20,5; 71; 0,51; 1,67; 1,98; 0,11; 1,38; 1,89
1966; 9; 13,4;  8,7;18,8; 32;-0,60; 0,88; 1,54;-0,77; 0,41; 1,35
1966;10; 11,4;  8,5;15,3; 82; 0,98; 0,44; 1,44; 0,93; 0,20; 1,24
1966;11;  1,9; -0,5; 4,1; 77; 0,88; 0,60; 1,58; 0,80; 0,60; 1,33
1966;12;  1,7; -0,4; 3,5;127; 1,70; 1,72; 1,68; 1,62; 1,75; 1,49
1967; 1;  0,0; -2,4; 2,1; 48;-0,28; 1,46; 1,26;-0,24; 1,37; 1,10
1967; 2;  2,3; -1,2; 5,9; 57; 0,46; 1,28; 1,21; 0,55; 1,23; 1,22
1967; 3;  5,4;  1,9; 9,1; 62; 0,85; 0,53; 1,74; 0,81; 0,50; 1,66
1967; 4;  6,9;  2,5;11,9; 40; 0,20; 0,67; 1,40;-0,07; 0,57; 1,30
1967; 5; 13,2;  7,5;18,8; 59; 0,05; 0,46; 1,09; 0,05; 0,31; 1,02
1967; 6; 15,1;  9,8;20,5; 60; 0,01; 0,04; 0,30;-0,18;-0,32; 0,07
1967; 7; 19,5; 13,2;25,9; 67;-0,61;-0,43;-0,06;-0,09;-0,32; 0,08
1967; 8; 16,7; 11,6;22,5; 53;-0,36;-0,62;-0,27;-0,49;-0,59;-0,34
1967; 9; 13,8;  9,8;18,8; 96; 1,34; 0,01;-0,03; 1,38; 0,31; 0,00
1967;10; 11,3;  7,5;15,7; 63; 0,39; 0,60; 0,02; 0,49; 0,67; 0,19
1967;11;  3,3;  0,3; 6,3; 39;-0,62; 0,71;-0,15;-0,46; 0,71; 0,02
1967;12; -0,9; -3,3; 1,1;121; 1,59; 0,90; 0,48; 1,51; 0,91; 0,79
1968; 1; -2,4; -5,2; 0,0; 88; 1,27; 1,37; 1,30; 1,17; 1,31; 1,37
1968; 2;  0,6; -2,2; 3,4; 54; 0,51; 1,81; 1,65; 0,45; 1,70; 1,64
1968; 3;  4,3;  0,2; 9,2; 50; 0,27; 0,98; 1,22; 0,42; 0,98; 1,24
1968; 4;  9,1;  3,2;15,3; 65; 0,39; 0,47; 1,22; 0,91; 0,75; 1,37
1968; 5; 11,6;  6,8;16,7; 47; 0,15; 0,29; 1,35;-0,41; 0,33; 1,40
1968; 6; 16,5; 11,2;21,9; 51;-0,36;-0,06; 0,51;-0,50;-0,23; 0,49
1968; 7; 17,2; 11,4;22,7; 34;-0,86;-0,74;-0,43;-1,31;-1,46;-0,54
1968; 8; 16,3; 12,4;21,3;127; 1,68; 0,21; 0,33; 1,50;-0,02; 0,12
1968; 9; 13,4;  9,5;18,1;119; 1,82; 1,31; 0,94; 1,91; 1,24; 0,80
1968;10; 10,0;  6,8;13,7; 55; 0,33; 2,14; 0,92; 0,28; 1,99; 0,60
1968;11;  3,1;  0,9; 5,5; 22;-1,20; 0,86; 0,61;-1,33; 0,68; 0,38
1968;12; -2,0; -4,0;-0,2; 39;-0,70;-0,88; 0,62;-0,66;-0,99; 0,31
1969; 1; -0,4; -2,7; 1,4; 46;-0,34;-1,39; 1,16;-0,33;-1,49; 0,74
1969; 2; -2,3; -5,1; 0,4; 51; 0,48;-0,52; 0,35; 0,35;-0,57; 0,09
1969; 3;  2,0; -1,1; 5,9; 50; 0,64; 0,36;-0,52; 0,42; 0,08;-0,75
1969; 4;  7,2;  2,9;12,4; 74; 1,23; 1,12;-0,01; 1,20; 0,85;-0,37
1969; 5; 13,5;  8,5;19,3; 72; 0,48; 1,19; 0,59; 0,48; 1,06; 0,25
1969; 6; 15,1;  9,9;20,2;122; 1,48; 1,70; 1,52; 1,46; 1,74; 1,29
1969; 7; 19,4; 13,4;25,2; 13;-1,52; 0,06; 0,65;-2,67; 0,07; 0,56
1969; 8; 16,8; 12,2;22,1;125; 1,49; 0,69; 1,18; 1,46; 0,74; 1,14
1969; 9; 13,7;  8,6;19,7; 36;-0,67;-0,44; 0,74;-0,57;-0,40; 0,79
1969;10; 10,0;  5,4;15,6; 19;-1,31; 0,02; 0,01;-1,10; 0,11; 0,06
1969;11;  5,0;  2,3; 7,6; 66; 0,43;-0,96;-0,04; 0,49;-0,75; 0,06
1969;12; -5,0; -8,1;-2,7; 32;-0,98;-1,14;-0,92;-0,96;-0,97;-1,01
1970; 1; -2,6; -5,0;-0,5; 41;-0,58;-0,72;-0,41;-0,56;-0,70;-0,48
1970; 2; -1,1; -4,1; 1,6;116; 2,09; 0,63;-0,41; 2,03; 0,50;-0,22
1970; 3;  1,1; -2,5; 4,7; 58; 0,93; 1,59; 0,27; 0,69; 1,39; 0,23
1970; 4;  5,5;  2,4; 9,6;105; 2,23; 2,54; 1,74; 2,06; 2,40; 1,38
1970; 5; 11,6;  6,9;16,6; 79; 1,04; 2,28; 1,88; 0,69; 1,92; 1,47
1970; 6; 18,0; 11,7;23,7; 53;-0,72; 1,38; 1,85;-0,42; 1,22; 1,75
1970; 7; 16,5; 11,4;21,3; 83; 0,56; 0,43; 2,08; 0,35; 0,21; 1,85
1970; 8; 16,8; 12,0;22,5;104; 0,97; 0,40; 1,67; 0,99; 0,43; 1,44
1970; 9; 13,3;  8,4;19,4; 32;-0,77; 0,47; 1,15;-0,77; 0,36; 0,95
1970;10;  8,9;  5,9;12,5;103; 1,44; 1,03; 0,90; 1,36; 1,10; 0,84
1970;11;  5,4;  3,3; 7,6; 63; 0,38; 0,68; 0,64; 0,40; 0,71; 0,71
1970;12; -0,1; -2,0; 1,7; 61; 0,10; 1,11; 0,97; 0,10; 0,96; 0,86
1971; 1; -2,1; -5,3; 1,2; 40;-0,75;-0,17; 0,73;-0,61;-0,17; 0,68
1971; 2;  0,8; -1,4; 3,4; 34;-0,29;-0,62; 0,11;-0,32;-0,59; 0,10
1971; 3;  1,0; -3,1; 5,4; 11;-0,98;-1,22; 0,11;-1,73;-1,54;-0,04
1971; 4;  9,2;  2,9;16,1; 53;-0,30;-0,88;-0,79; 0,48;-0,75;-0,67
1971; 5; 14,6;  9,2;20,2; 58;-0,07;-0,82;-0,93; 0,01;-0,66;-0,85
1971; 6; 13,8;  9,7;18,8;122; 1,70; 1,06; 0,19; 1,46; 1,15;-0,05
1971; 7; 19,0; 11,5;25,3;  5;-1,90;-0,33;-0,79;-3,76;-0,34;-0,81
1971; 8; 18,1; 12,5;24,6;117; 0,90; 0,18;-0,28; 1,28; 0,49; 0,01
1971; 9; 11,9;  7,0;17,5; 29;-0,66;-1,04;-0,26;-0,92;-0,84; 0,11
1971;10;  7,8;  3,3;13,7; 25;-0,99;-0,32;-0,46;-0,79;-0,06;-0,34
1971;11;  2,8;  0,2; 5,5; 53;-0,02;-1,01;-0,45; 0,07;-1,08;-0,31
1971;12;  3,0;  1,0; 4,6; 34;-0,94;-1,20;-1,39;-0,87;-1,08;-1,42
1972; 1; -2,4; -4,6; 0,0; 15;-1,91;-1,54;-1,13;-2,30;-1,63;-1,20
1972; 2;  2,1; -1,1; 5,9;  7;-1,87;-2,25;-2,06;-2,28;-2,96;-2,76
1972; 3;  6,0;  1,0;11,9; 57; 0,15;-1,79;-1,86; 0,65;-1,74;-1,98
1972; 4;  7,2;  3,5;11,4; 72; 1,41; 0,12;-0,92; 1,14; 0,12;-1,05
1972; 5; 11,5;  7,3;16,6; 77; 1,05; 1,46;-0,32; 0,63; 1,26;-0,77
1972; 6; 14,9;  9,5;20,2;160; 2,04; 2,34; 1,29; 2,20; 2,36; 0,94
1972; 7; 18,0; 13,1;23,3; 49;-0,40; 1,49; 1,32;-0,68; 1,31; 1,04
1972; 8; 15,8; 11,4;21,2; 99; 1,03; 1,53; 1,91; 0,87; 1,40; 1,79
1972; 9; 10,7;  6,3;16,3; 37;-0,25; 0,14; 1,74;-0,53;-0,20; 1,35
1972;10;  6,2;  1,5;12,3; 40;-0,39; 0,23; 1,24;-0,19; 0,03; 0,93
1972;11;  3,2;  1,3; 5,1; 68; 0,62;-0,18; 1,06; 0,55;-0,24; 0,88
1972;12; -0,1; -2,5; 2,5;  4;-2,14;-1,13;-0,48;-3,37;-1,08;-0,93
1973; 1; -0,6; -3,0; 1,2; 30;-1,16;-1,51;-0,69;-1,16;-1,63;-1,12
1973; 2;  0,1; -2,2; 2,7; 44; 0,17;-1,77;-1,28; 0,10;-2,14;-1,58
1973; 3;  3,7; -0,2; 8,3; 17;-0,95;-1,15;-1,50;-1,20;-1,35;-1,76
1973; 4;  5,3;  1,0; 9,8; 45; 0,63;-0,14;-1,08; 0,15;-0,55;-1,57
1973; 5; 13,2;  7,7;19,0; 69; 0,33;-0,02;-1,11; 0,39;-0,42;-1,68
1973; 6; 16,4; 10,8;21,9; 76; 0,23; 0,56;-0,22; 0,32; 0,34;-0,63
1973; 7; 17,2; 12,5;22,4; 89; 0,62; 0,59; 0,34; 0,50; 0,52; 0,01
1973; 8; 18,2; 11,9;25,2; 44;-1,16;-0,21;-0,18;-0,85;-0,07;-0,35
1973; 9; 14,6;  9,1;21,1; 23;-1,33;-0,79;-0,36;-1,28;-0,74;-0,37
1973;10;  7,0;  3,1;11,9; 95; 1,20;-0,80;-0,11; 1,20;-0,24; 0,17
1973;11;  2,6; -0,2; 5,8; 49;-0,21;-0,11;-0,27;-0,07; 0,18; 0,00
1973;12; -1,1; -3,6; 1,3; 68; 0,30; 0,79;-0,26; 0,30; 0,74;-0,01
1974; 1;  2,6;  0,6; 4,7; 43;-0,55;-0,31;-0,87;-0,47;-0,25;-0,44
1974; 2;  2,9;  0,1; 5,9; 43;-0,04;-0,27;-0,32; 0,06;-0,18;-0,06
1974; 3;  6,6;  2,6;11,1; 44;-0,04;-0,46; 0,25; 0,19;-0,31; 0,36
1974; 4;  8,2;  2,7;14,2; 14;-1,29;-0,86;-0,86;-1,74;-0,68;-0,68
1974; 5; 11,3;  5,9;16,7; 70; 0,66;-0,41;-0,43; 0,42;-0,50;-0,46
1974; 6; 14,1;  9,0;19,5; 72; 0,44; 0,02;-0,27; 0,21;-0,39;-0,55
1974; 7; 15,2; 10,7;19,9;112; 1,32; 1,28; 0,59; 1,02; 0,84; 0,21
1974; 8; 17,6; 12,6;23,5; 71; 0,04; 0,99; 0,60; 0,11; 0,66; 0,24
1974; 9; 13,5;  9,1;19,1; 51; 0,02; 0,77; 0,54; 0,05; 0,59; 0,18
1974;10;  4,8;  3,0; 7,2;118; 1,81; 1,17; 1,59; 1,62; 1,12; 1,27
1974;11;  4,0;  1,5; 6,7; 55; 0,04; 1,27; 1,46; 0,14; 1,12; 1,15
1974;12;  4,1;  1,8; 6,0;150; 2,02; 2,13; 1,96; 2,03; 2,19; 1,95
1975; 1;  3,5;  1,2; 5,6; 46;-0,44; 1,39; 1,69;-0,33; 1,35; 1,73
1975; 2;  1,2; -2,2; 5,8; 23;-1,15; 0,99; 1,54;-0,89; 1,02; 1,44
1975; 3;  3,8;  0,2; 8,1; 42; 0,15;-0,84; 1,64; 0,12;-0,79; 1,45
1975; 4;  7,1;  2,6;11,9; 61; 0,91; 0,03; 0,98; 0,77;-0,09; 0,90
1975; 5; 12,5;  7,1;18,3; 48;-0,22; 0,31; 0,82;-0,37; 0,08; 0,74
1975; 6; 15,0; 10,3;20,4; 79; 0,60; 0,65; 0,04; 0,41; 0,30;-0,34
1975; 7; 18,6; 13,1;24,3; 60;-0,40;-0,08;-0,13;-0,31;-0,30;-0,36
1975; 8; 19,0; 13,5;24,9; 89; 0,31; 0,14; 0,28; 0,62; 0,24; 0,18
1975; 9; 15,8; 11,4;21,8; 53;-0,15;-0,22; 0,15; 0,12; 0,09; 0,18
1975;10;  7,1;  4,4;10,7; 32;-0,25;-0,17;-0,20;-0,48;-0,01;-0,27
1975;11;  2,1; -0,1; 4,7; 53; 0,03;-0,35;-0,13; 0,07;-0,38;-0,12
1975;12;  0,2; -1,8; 2,1; 24;-1,31;-0,94;-0,68;-1,37;-1,15;-0,73
1976; 1;  0,9; -1,7; 3,3;122; 2,01; 0,58; 0,18; 2,07; 0,50; 0,28
1976; 2;  0,0; -2,2; 2,7; 16;-1,15;-0,01;-0,34;-1,36;-0,01;-0,36
1976; 3;  1,3; -3,0; 5,8; 29;-0,29; 0,63;-0,39;-0,47; 0,50;-0,55
1976; 4;  7,3;  1,6;13,4;  8;-1,45;-1,49;-0,77;-2,45;-2,17;-0,82
1976; 5; 13,5;  7,0;19,8; 45;-0,79;-1,48;-1,10;-0,50;-1,91;-1,06
1976; 6; 18,1; 10,8;24,1; 30;-1,54;-2,08;-1,40;-1,45;-2,44;-1,16
1976; 7; 20,2; 13,6;26,5; 57;-0,91;-1,68;-1,93;-0,41;-1,46;-2,53
1976; 8; 16,6; 10,4;23,0; 17;-1,51;-1,83;-2,10;-2,39;-2,30;-3,01
1976; 9; 12,7;  8,6;18,1; 59; 0,40;-1,17;-1,82; 0,33;-1,21;-2,37
1976;10;  9,3;  6,0;14,2; 36;-0,42;-1,10;-1,72;-0,33;-1,37;-1,99
1976;11;  4,4;  2,0; 6,8; 60; 0,25; 0,00;-1,51; 0,31;-0,04;-1,60
1976;12; -1,7; -3,9; 0,6; 34;-0,92;-0,72;-1,31;-0,87;-0,69;-1,42
1977; 1; -0,1; -2,0; 1,5; 65; 0,54;-0,24;-1,11; 0,43;-0,27;-1,24
1977; 2;  3,0;  0,1; 6,3; 83; 1,33; 0,39; 0,17; 1,29; 0,37; 0,15
1977; 3;  6,5;  2,2;11,4; 78; 1,03; 1,46; 0,43; 1,27; 1,58; 0,54
1977; 4;  5,6;  1,6;10,3; 69; 1,31; 1,72; 1,18; 1,04; 1,73; 1,04
1977; 5; 12,1;  6,3;17,9; 20;-1,17; 0,52; 0,60;-1,88; 0,45; 0,47
1977; 6; 15,7; 11,2;20,7;118; 1,49; 1,08; 1,59; 1,37; 0,67; 1,52
1977; 7; 16,9; 11,5;22,2; 69; 0,05; 0,40; 1,36;-0,04; 0,07; 1,22
1977; 8; 16,2; 12,0;21,4;124; 1,56; 1,67; 1,58; 1,44; 1,44; 1,39
1977; 9; 12,0;  8,1;16,8; 21;-0,65; 0,61; 1,05;-1,41; 0,28; 0,55
1977;10;  9,7;  6,1;14,1; 57; 0,29; 0,80; 0,73; 0,33; 0,50; 0,32
1977;11;  4,6;  2,0; 7,2;103; 1,52; 0,52; 1,53; 1,44; 0,43; 1,28
1977;12;  1,1; -0,8; 3,1; 67; 0,28; 1,00; 0,99; 0,27; 0,96; 0,81
1978; 1;  0,2; -1,6; 1,9; 40;-0,62; 0,79; 1,07;-0,61; 0,69; 0,79
1978; 2; -1,5; -4,5; 1,4; 21;-0,93;-0,74;-0,10;-1,01;-0,75;-0,23
1978; 3;  4,9;  1,2; 8,9; 58; 0,69;-0,45; 0,46; 0,69;-0,58; 0,41
1978; 4;  7,2;  2,2;12,9;  7;-1,30;-0,84;-0,09;-2,61;-1,08;-0,16
1978; 5; 11,8;  7,1;16,6;106; 1,60; 0,86; 0,21; 1,41; 0,54;-0,21
1978; 6; 14,9;  9,7;20,3; 67; 0,23; 0,62; 0,22; 0,05; 0,13;-0,34
1978; 7; 15,6; 10,7;20,9; 75; 0,36; 1,14; 0,46; 0,13; 0,75;-0,07
1978; 8; 14,9; 10,2;20,6; 68; 0,25; 0,36; 0,75; 0,02;-0,05; 0,21
1978; 9; 11,8;  8,3;15,9; 93; 1,51; 0,98; 1,04; 1,31; 0,62; 0,49
1978;10;  8,1;  4,9;12,2; 58; 0,43; 1,11; 1,45; 0,36; 0,79; 0,98
1978;11;  2,9;  0,8; 5,0;  9;-1,65; 0,44; 0,47;-2,44; 0,05;-0,07
1978;12;  0,6; -2,2; 3,2;112; 1,40; 0,32; 0,89; 1,33; 0,22; 0,53
1979; 1; -5,0; -7,9;-2,6; 32;-1,02;-0,39; 0,69;-1,04;-0,39; 0,27
1979; 2; -1,0; -4,2; 2,1; 44; 0,10; 0,54; 0,61; 0,10; 0,48; 0,30
1979; 3;  4,2;  1,1; 7,8;102; 1,88; 0,95; 0,75; 1,86; 0,72; 0,55
1979; 4;  6,6;  2,8;11,0; 54; 0,90; 1,55; 0,96; 0,51; 1,27; 0,60
1979; 5; 12,7;  6,4;19,1; 46;-0,65; 1,20; 1,12;-0,45; 1,18; 0,99
1979; 6; 17,4; 12,3;23,3; 70;-0,03;-0,01; 0,52; 0,14;-0,08; 0,39
1979; 7; 15,6; 10,9;20,4; 63; 0,24;-0,23; 0,74;-0,22;-0,45; 0,52
1979; 8; 15,6; 10,9;21,5; 60;-0,05;-0,01; 0,66;-0,24;-0,35; 0,39
1979; 9; 13,0;  8,5;18,9; 52; 0,01; 0,03;-0,05; 0,09;-0,38;-0,39
1979;10;  8,4;  4,3;13,9; 20;-1,12;-0,68;-0,60;-1,04;-0,88;-0,95
1979;11;  2,7;  0,4; 5,1; 79; 0,92;-0,22;-0,18; 0,85;-0,12;-0,40
1979;12;  3,5;  1,3; 5,9;117; 1,49; 0,78; 0,41; 1,43; 0,80; 0,26
1980; 1; -3,0; -5,9;-0,7; 50;-0,16; 1,36; 0,34;-0,15; 1,28; 0,35
1980; 2;  2,3; -1,0; 6,3; 61; 0,58; 1,19; 0,56; 0,68; 1,16; 0,69
1980; 3;  4,1;  0,9; 7,9; 40; 0,18; 0,22; 0,64; 0,03; 0,17; 0,67
1980; 4;  6,0;  1,9;10,8; 69; 1,26; 0,98; 1,51; 1,04; 0,77; 1,36
1980; 5; 11,1;  5,1;17,1; 37;-0,58; 0,35; 0,96;-0,86;-0,04; 0,79
1980; 6; 15,0; 10,4;20,2; 84; 0,78; 0,79; 0,71; 0,55; 0,34; 0,29
1980; 7; 14,8; 11,2;19,1;154; 2,16; 1,60; 1,86; 1,82; 1,15; 1,31
1980; 8; 16,8; 11,8;22,5; 53;-0,33; 1,66; 1,50;-0,49; 1,18; 0,91
1980; 9; 13,8;  9,8;19,1; 65; 0,54; 1,44; 1,51; 0,53; 1,13; 1,01
1980;10;  7,3;  4,2;11,5; 41;-0,06;-0,13; 1,13;-0,15;-0,30; 0,62
1980;11;  2,4; -0,1; 4,9; 42;-0,42;-0,03; 1,25;-0,33;-0,18; 0,72
1980;12; -0,6; -3,3; 1,7; 60; 0,02;-0,35; 0,97; 0,07;-0,43; 0,53
1981; 1; -3,3; -6,1;-0,5; 69; 0,64;-0,01;-0,15; 0,57;-0,03;-0,32
1981; 2; -1,4; -4,6; 2,0; 31;-0,51;-0,09;-0,15;-0,46;-0,05;-0,24
1981; 3;  7,3;  3,8;11,0; 70; 1,01; 0,61; 0,01; 1,05; 0,56;-0,03
1981; 4;  8,3;  3,0;14,4; 46;-0,11; 0,20; 0,10; 0,19; 0,34; 0,14
1981; 5; 13,3;  8,1;18,5; 70; 0,56; 0,74; 0,48; 0,42; 0,86; 0,43
1981; 6; 16,0; 11,1;21,3; 53;-0,15; 0,09; 0,39;-0,42;-0,10; 0,26
1981; 7; 16,5; 12,5;21,0; 64; 0,39; 0,35; 0,32;-0,18;-0,30;-0,07
1981; 8; 16,5; 11,9;21,9; 91; 0,78; 0,47; 0,77; 0,67;-0,09; 0,38
1981; 9; 14,4;  9,8;19,9; 62; 0,30; 0,67; 0,50; 0,43; 0,33; 0,14
1981;10;  8,3;  5,5;11,4;129; 1,85; 1,72; 1,32; 1,81; 1,73; 1,01
1981;11;  4,2;  2,2; 6,6;110; 1,71; 2,00; 1,67; 1,59; 2,16; 1,45
1981;12; -2,5; -5,2;-0,3;120; 1,58; 2,34; 2,10; 1,49; 2,59; 2,12
1982; 1; -3,1; -6,4;-0,1; 78; 0,94; 2,10; 2,48; 0,87; 2,17; 2,78
1982; 2; -0,7; -3,9; 2,9; 13;-1,43; 0,95; 2,14;-1,61; 0,88; 2,18
1982; 3;  4,3;  0,3; 9,2; 43; 0,01;-0,30; 2,15; 0,16;-0,21; 2,08
1982; 4;  6,8;  1,7;12,2; 57; 0,62;-0,34; 1,41; 0,63;-0,39; 1,41
1982; 5; 13,0;  7,1;18,8; 57;-0,08; 0,15; 0,69;-0,02; 0,22; 0,72
1982; 6; 16,9; 11,3;22,6; 68;-0,08; 0,11;-0,11; 0,08; 0,18;-0,08
1982; 7; 20,0; 14,3;25,5; 59;-0,51;-0,48;-0,64;-0,34;-0,35;-0,60
1982; 8; 18,0; 12,9;23,4; 37;-0,78;-0,80;-0,59;-1,16;-0,90;-0,63
1982; 9; 16,3; 10,5;23,4; 26;-1,54;-1,25;-0,95;-1,09;-1,46;-0,95
1982;10;  9,1;  6,4;12,7; 86; 1,14;-0,70;-0,77; 1,02;-0,51;-0,64
1982;11;  5,3;  2,7; 8,5; 32;-0,94;-0,61;-0,95;-0,78;-0,26;-0,88
1982;12;  1,9;  0,1; 4,1; 92; 0,98; 0,83;-0,66; 0,91; 0,71;-0,46
1983; 1;  3,0;  0,9; 4,9; 98; 1,52; 0,93;-0,02; 1,46; 0,89; 0,26
1983; 2; -2,2; -5,7; 1,4; 46; 0,17; 1,40; 0,44; 0,17; 1,29; 0,70
1983; 3;  4,3;  1,2; 7,8; 49; 0,55; 1,15; 1,28; 0,38; 1,00; 1,10
1983; 4;  9,1;  4,9;14,1;116; 2,10; 1,56; 1,63; 2,32; 1,44; 1,55
1983; 5; 11,5;  7,4;16,5;105; 1,63; 2,42; 2,25; 1,39; 2,39; 2,28
1983; 6; 16,9; 10,9;22,6; 36;-1,00; 1,52; 1,73;-1,14; 1,56; 1,72
1983; 7; 21,6; 14,3;28,7; 26;-1,86;-0,94; 0,14;-1,72;-0,69; 0,51
1983; 8; 18,9; 13,3;25,6; 49;-0,93;-1,86;-0,26;-0,64;-2,11; 0,21
1983; 9; 13,9;  9,1;19,9; 80; 0,73;-1,33;-0,18; 0,97;-0,76; 0,45
1983;10;  8,5;  4,5;13,1; 32;-0,55;-0,62;-1,02;-0,48;-0,26;-0,71
1983;11;  2,4; -0,4; 6,0; 49;-0,24;-0,07;-1,57;-0,07; 0,07;-1,40
1983;12; -0,5; -3,5; 2,3; 36;-0,91;-1,05;-1,56;-0,78;-0,97;-1,28
1984; 1;  0,4; -1,5; 2,3; 96; 1,50; 0,15;-0,46; 1,40; 0,17;-0,15
1984; 2; -0,5; -3,3; 2,7; 73; 1,14; 0,87; 0,44; 1,03; 0,78; 0,53
1984; 3;  2,2; -1,9; 6,9; 19;-0,79; 1,00;-0,20;-1,06; 0,91;-0,14
1984; 4;  6,8;  1,5;12,2; 56; 0,56; 0,42; 0,37; 0,59; 0,36; 0,29
1984; 5; 10,7;  6,6;15,7;158; 2,38; 1,96; 1,76; 2,52; 1,76; 1,55
1984; 6; 14,1;  9,3;19,3; 91; 0,97; 2,29; 2,26; 0,73; 2,31; 2,23
1984; 7; 16,2; 10,9;21,4; 77; 0,33; 2,02; 2,00; 0,19; 1,86; 1,63
1984; 8; 17,2; 12,0;23,1; 30;-1,02; 0,10; 1,25;-1,52;-0,26; 0,84
1984; 9; 12,3;  9,4;16,2;121; 2,03; 0,72; 2,06; 1,95; 0,50; 1,75
1984;10;  9,7;  6,6;13,9; 43;-0,08; 0,57; 1,88;-0,09; 0,36; 1,54
1984;11;  4,3;  1,8; 7,3; 49;-0,22; 1,21; 0,77;-0,07; 0,95; 0,41
1984;12;  0,9; -0,6; 2,7; 34;-0,90;-0,75; 0,16;-0,87;-0,77;-0,18
1985; 1; -6,0; -9,4;-2,8; 53;-0,01;-0,80; 0,00;-0,03;-0,77;-0,32
1985; 2; -4,2; -8,3; 0,5; 19;-1,12;-1,25; 0,24;-1,14;-1,30;-0,09
1985; 3;  3,0;  0,0; 6,8; 18;-0,61;-1,07;-1,25;-1,13;-1,39;-1,52
1985; 4;  7,9;  3,5;13,1; 49; 0,39;-0,67;-1,01; 0,32;-1,08;-1,32
1985; 5; 14,3;  9,1;19,7; 63; 0,21;-0,10;-0,81; 0,19;-0,45;-1,20
1985; 6; 13,5;  9,1;18,2; 79; 0,92; 0,84; 0,08; 0,41; 0,36;-0,63
1985; 7; 17,8; 11,8;23,7; 77;-0,07; 0,50;-0,03; 0,19; 0,27;-0,48
1985; 8; 16,5; 11,1;22,9; 60;-0,35; 0,18; 0,10;-0,24; 0,05;-0,27
1985; 9; 13,5;  8,9;19,6; 42;-0,41;-0,45; 0,08;-0,31;-0,31;-0,06
1985;10;  8,5;  4,3;14,2;  6;-1,71;-1,23;-0,46;-2,04;-1,47;-0,73
1985;11;  0,5; -2,3; 3,3; 65; 0,45;-0,99;-0,43; 0,46;-0,93;-0,60
1985;12;  2,6;  0,5; 5,0; 59;-0,04;-0,84;-0,81; 0,04;-0,69;-0,76
1986; 1; -0,2; -3,3; 2,3;111; 1,80; 1,17;-0,35; 1,80; 1,10;-0,13
1986; 2; -5,9; -9,5;-2,0;  9;-1,44; 0,35;-0,61;-2,02; 0,32;-0,48
1986; 3;  3,4;  0,2; 7,1; 83; 1,50; 1,36; 0,26; 1,40; 1,18; 0,24
1986; 4;  6,8;  3,0;11,5; 48; 0,64; 0,62; 1,17; 0,28; 0,20; 0,87
1986; 5; 15,0;  9,8;20,5; 74; 0,44; 1,35; 1,13; 0,54; 1,24; 0,92
1986; 6; 16,3; 10,8;21,9; 75; 0,21; 0,61; 1,22; 0,29; 0,48; 1,10
1986; 7; 17,5; 11,7;23,2; 61;-0,33; 0,03; 0,30;-0,28; 0,12; 0,15
1986; 8; 16,9; 11,9;22,5;100; 0,86; 0,27; 0,97; 0,89; 0,37; 0,96
1986; 9; 11,2;  6,3;17,2; 71; 0,64; 0,44; 0,62; 0,71; 0,56; 0,65
1986;10;  9,1;  5,0;14,4; 88; 0,97; 1,25; 0,77; 1,06; 1,40; 1,01
1986;11;  4,7;  1,8; 8,0; 34;-0,87; 0,50; 0,43;-0,68; 0,63; 0,61
1986;12;  1,2; -0,9; 3,2;107; 1,32; 0,95; 0,84; 1,23; 0,99; 1,02
1987; 1; -6,3; -9,4;-3,2; 74; 0,86; 0,83; 1,42; 0,74; 0,77; 1,54
1987; 2; -0,9; -3,8; 2,2; 58; 0,66; 1,48; 1,28; 0,58; 1,34; 1,32
1987; 3; -1,1; -5,1; 3,3; 78; 1,44; 1,50; 1,61; 1,27; 1,30; 1,51
1987; 4;  9,5;  3,7;15,3; 17;-1,31; 0,40; 0,79;-1,47; 0,45; 0,79
1987; 5; 10,0;  5,1;15,1; 88; 1,29; 1,02; 1,51; 0,95; 0,79; 1,37
1987; 6; 14,3; 10,1;19,0;135; 1,91; 1,58; 1,94; 1,72; 1,27; 1,72
1987; 7; 17,7; 12,6;22,7; 93; 0,65; 1,98; 1,94; 0,59; 1,72; 1,58
1987; 8; 15,4; 11,2;20,6; 78; 0,65; 1,78; 1,88; 0,32; 1,38; 1,52
1987; 9; 14,8; 10,5;20,4; 73; 0,62; 0,88; 1,59; 0,77; 0,74; 1,25
1987;10;  8,9;  5,3;13,8; 38;-0,36; 0,41; 1,76;-0,26; 0,27; 1,39
1987;11;  4,2;  2,4; 6,3; 67; 0,56; 0,32; 1,52; 0,52; 0,37; 1,20
1987;12;  1,4; -0,9; 3,5; 66; 0,22; 0,10; 0,70; 0,25; 0,09; 0,53
1988; 1;  2,7;  0,7; 4,8; 79; 0,98; 0,83; 0,80; 0,90; 0,72; 0,65
1988; 2;  1,5; -0,6; 4,1; 84; 1,46; 1,31; 1,03; 1,31; 1,18; 1,03
1988; 3;  2,4; -0,6; 5,6;141; 2,52; 2,59; 2,05; 2,65; 2,75; 1,89
1988; 4;  8,6;  3,2;14,6; 25;-0,92; 1,95; 1,84;-0,88; 2,01; 1,86
1988; 5; 15,0;  9,0;20,8; 29;-1,26; 0,72; 1,25;-1,29; 1,04; 1,39
1988; 6; 15,7; 10,4;20,7; 41;-0,44;-1,44; 0,98;-0,91;-2,04; 1,08
1988; 7; 17,5; 12,2;23,2; 77; 0,11;-0,77; 0,62; 0,19;-1,11; 0,74
1988; 8; 17,9; 12,0;24,1; 46;-0,85;-0,67;-0,17;-0,76;-0,90;-0,09
1988; 9; 13,3;  9,3;18,0; 62; 0,59;-0,21;-0,96; 0,43;-0,20;-1,31
1988;10;  9,8;  6,3;14,1; 32;-0,52;-0,64;-0,92;-0,48;-0,70;-1,30
1988;11;  2,1; -0,6; 5,0; 76; 0,79; 0,34;-0,40; 0,77; 0,23;-0,53
1988;12;  2,6;  0,6; 4,5;105; 1,28; 0,80; 0,24; 1,19; 0,76; 0,34
1989; 1;  1,1; -0,7; 2,9; 34;-0,95; 0,87;-0,01;-0,93; 0,77; 0,04
1989; 2;  2,4;  0,1; 4,9; 51; 0,40; 0,60; 0,57; 0,35; 0,52; 0,45
1989; 3;  6,8;  2,2;12,0; 47;-0,14;-0,45; 0,26; 0,31;-0,26; 0,40
1989; 4;  7,5;  3,6;12,2; 83; 1,56; 0,97; 1,20; 1,47; 0,96; 1,12
1989; 5; 14,6;  7,4;21,4; 58;-0,79; 0,30; 0,58; 0,01; 0,90; 0,84
1989; 6; 15,4;  9,7;21,1; 92; 0,65; 0,78; 0,36; 0,76; 1,15; 0,63
1989; 7; 18,1; 12,8;23,7; 75; 0,04;-0,03; 0,48; 0,13; 0,37; 0,85
1989; 8; 17,2; 12,0;23,4; 42;-0,79;-0,14; 0,05;-0,93;-0,07; 0,42
1989; 9; 14,8; 10,2;20,2; 39;-0,45;-0,62;-0,08;-0,43;-0,74; 0,17
1989;10;  9,7;  5,7;14,9; 67; 0,45;-0,65;-0,45; 0,59;-0,53;-0,12
1989;11;  2,0; -0,9; 5,8; 56; 0,03;-0,10;-0,22; 0,18; 0,09;-0,06
1989;12;  1,8; -0,9; 5,0;107; 1,27; 0,93;-0,02; 1,23; 1,01; 0,20
1990; 1;  1,4; -0,9; 3,6; 34;-1,02; 0,42;-0,33;-0,93; 0,46;-0,10
1990; 2;  4,8;  0,5; 9,6; 91; 1,33; 1,12; 0,59; 1,48; 1,23; 0,88
1990; 3;  6,8;  2,6;12,0; 30;-0,79;-0,19; 0,54;-0,42; 0,25; 0,89
1990; 4;  7,5;  2,8;12,9; 59; 0,67; 0,62; 0,68; 0,70; 0,94; 0,90
1990; 5; 14,6;  7,2;21,5;  9;-2,41;-1,57;-0,44;-2,98;-1,37; 0,22
1990; 6; 15,5; 11,0;20,4;122; 1,59; 0,20; 0,02; 1,46; 0,34; 0,35
1990; 7; 16,8; 10,6;22,4; 28;-1,03;-0,76;-0,36;-1,61;-0,85; 0,00
1990; 8; 18,8; 12,9;25,9; 96; 0,16; 0,32;-0,61; 0,79; 0,52;-0,30
1990; 9; 11,5;  7,5;16,3; 75; 1,00;-0,19;-0,09; 0,83; 0,04; 0,17
1990;10;  9,3;  4,9;15,0; 48;-0,20; 0,39;-0,35; 0,07; 0,79;-0,06
1990;11;  4,2;  1,9; 6,8;107; 1,63; 1,18; 0,91; 1,52; 1,21; 1,12
1990;12; -0,2; -2,3; 2,0; 60; 0,04; 0,74; 0,21; 0,07; 0,79; 0,52
1991; 1;  1,3; -1,2; 4,4; 43;-0,64; 0,74; 0,73;-0,47; 0,69; 1,00
1991; 2; -3,0; -7,4; 1,4; 27;-0,78;-0,84; 0,47;-0,66;-0,70; 0,45
1991; 3;  6,2;  2,1;11,0; 26;-0,82;-1,31;-0,33;-0,63;-1,21;-0,05
1991; 4;  6,9;  1,6;13,0; 35;-0,37;-1,04;-0,28;-0,32;-1,02;-0,13
1991; 5;  9,7;  3,7;15,2; 21;-0,79;-1,19;-1,34;-1,81;-1,91;-1,62
1991; 6; 13,9;  9,5;19,0;118; 1,57; 0,58;-0,30; 1,37; 0,01;-0,82
1991; 7; 19,9; 13,7;26,0; 38;-1,17;-0,17;-0,75;-1,12;-0,49;-1,09
1991; 8; 18,5; 12,3;25,0; 19;-1,63;-0,71;-1,14;-2,23;-0,69;-1,65
1991; 9; 15,2;  9,9;21,4; 54;-0,25;-1,55;-0,98; 0,16;-1,73;-1,23
1991;10;  7,8;  3,5;13,5; 10;-1,52;-1,77;-1,25;-1,70;-2,19;-1,73
1991;11;  3,7;  1,2; 6,3; 79; 0,89;-0,58;-0,87; 0,85;-0,28;-0,74
1991;12; -0,8; -3,4; 2,3; 81; 0,66;-0,04;-1,37; 0,64; 0,07;-1,15
1992; 1;  0,4; -2,0; 2,9; 40;-0,72; 0,54;-1,33;-0,61; 0,52;-1,04
1992; 2;  1,7; -1,1; 4,7; 27;-0,75;-0,42;-0,76;-0,66;-0,30;-0,49
1992; 3;  4,5;  0,6; 8,9; 61; 0,73;-0,38;-0,39; 0,78;-0,36;-0,23
1992; 4;  7,6;  2,3;13,2; 37;-0,25;-0,16; 0,22;-0,22;-0,12; 0,24
1992; 5; 15,1;  7,8;20,9; 28;-1,54;-0,85;-0,84;-1,35;-0,55;-0,59
1992; 6; 17,1; 11,6;22,6; 96; 0,68;-0,56;-0,68; 0,86;-0,28;-0,50
1992; 7; 18,5; 13,1;24,3; 95; 0,40;-0,10;-0,25; 0,64; 0,27; 0,07
1992; 8; 19,6; 14,0;26,4; 52;-0,93; 0,02;-0,42;-0,53; 0,48; 0,05
1992; 9; 13,1;  8,0;19,4; 30;-0,89;-0,64;-0,81;-0,87;-0,34;-0,48
1992;10;  6,5;  3,3;10,5; 61; 0,57;-0,87;-0,63; 0,44;-0,64;-0,26
1992;11;  5,0;  2,3; 7,7; 77; 0,79; 0,12; 0,02; 0,80; 0,20; 0,41
1992;12;  0,6; -1,5; 3,0; 56;-0,12; 0,58;-0,26;-0,05; 0,47; 0,02
1993; 1;  1,5; -2,0; 5,2; 75; 0,70; 0,63;-0,39; 0,77; 0,66;-0,02
1993; 2; -2,8; -6,8; 1,1; 19;-1,11;-0,43;-0,23;-1,14;-0,26;-0,10
1993; 3;  3,3; -1,1; 8,7; 16;-1,15;-0,98;-0,26;-1,28;-0,81;-0,15
1993; 4; 11,2;  6,0;16,9; 32;-0,83;-1,53;-0,76;-0,47;-1,66;-0,47
1993; 5; 15,1;  9,1;21,5; 63;-0,34;-1,29;-1,18; 0,19;-0,97;-0,79
1993; 6; 16,2; 10,7;21,4; 75; 0,32;-0,44;-0,91; 0,29;-0,08;-0,65
1993; 7; 16,6; 11,5;22,2; 73; 0,14; 0,04;-0,86; 0,08; 0,14;-0,89
1993; 8; 16,7; 10,3;23,6; 29;-1,38;-0,56;-1,08;-1,57;-0,65;-1,14
1993; 9; 12,7;  8,6;17,9; 52; 0,22;-0,62;-0,74; 0,09;-0,78;-0,67
1993;10;  7,9;  4,6;12,4; 42;-0,11;-0,97;-0,61;-0,12;-1,09;-0,63
1993;11; -0,2; -2,5; 2,5; 26;-1,01;-0,52;-0,73;-1,09;-0,77;-1,04
1993;12;  2,7;  0,1; 5,0;170; 2,26; 1,18; 0,16; 2,35; 1,12; 0,27
1994; 1;  2,5;  0,3; 5,0; 80; 0,98; 1,73; 0,43; 0,93; 1,72; 0,63
1994; 2;  0,1; -3,3; 3,9; 38;-0,29; 2,05; 1,09;-0,14; 2,05; 1,04
1994; 3;  6,4;  2,9;10,4; 77; 1,20; 1,02; 1,48; 1,24; 1,04; 1,44
1994; 4;  7,9;  3,4;13,0; 68; 1,01; 1,02; 1,78; 1,01; 0,99; 1,83
1994; 5; 13,1;  7,4;18,9; 55;-0,12; 1,03; 1,85;-0,10; 1,14; 2,09
1994; 6; 17,0; 11,0;23,1; 47;-0,83;-0,20; 0,43;-0,66;-0,08; 0,63
1994; 7; 22,3; 15,2;29,3; 44;-1,55;-1,51;-0,78;-0,88;-1,14;-0,14
1994; 8; 18,5; 13,1;24,7; 79; 0,04;-1,32;-0,63; 0,34;-0,78; 0,06
1994; 9; 13,4;  9,5;18,5; 51; 0,19;-0,93;-0,85; 0,05;-0,40;-0,40
1994;10;  7,5;  3,4;13,0; 49;-0,04;-0,08;-1,13; 0,10; 0,09;-0,75
1994;11;  6,7;  4,0; 9,8; 54;-0,09;-0,09;-1,13; 0,11;-0,06;-0,66
1994;12;  3,1;  0,5; 5,6; 63; 0,07;-0,14;-0,88; 0,16; 0,00;-0,36
1995; 1; -1,2; -4,1; 1,4;140; 2,31; 1,43; 0,88; 2,48; 1,44; 1,09
1995; 2;  4,0;  0,9; 7,2; 79; 1,20; 1,97; 1,29; 1,19; 1,97; 1,36
1995; 3;  2,8; -1,1; 7,4; 64; 0,88; 2,23; 1,56; 0,87; 2,45; 1,62
1995; 4;  9,4;  4,8;13,9; 66; 0,95; 1,41; 1,80; 0,94; 1,41; 1,90
1995; 5; 12,2;  6,4;18,2; 83; 0,72; 1,30; 1,93; 0,81; 1,39; 2,16
1995; 6; 14,4; 10,1;19,3; 79; 0,83; 1,28; 2,18; 0,41; 1,06; 2,43
1995; 7; 20,5; 14,4;27,1; 98;-0,01; 0,73; 1,38; 0,71; 0,93; 1,58
1995; 8; 18,3; 12,9;24,6; 96; 0,46; 0,59; 1,17; 0,79; 0,92; 1,48
1995; 9; 12,4;  8,7;17,2; 90; 1,32; 0,76; 1,30; 1,23; 1,29; 1,54
1995;10; 11,4;  8,1;15,8; 29;-0,69; 0,60; 0,85;-0,61; 0,72; 1,07
1995;11;  1,9; -0,3; 4,4; 47;-0,20; 0,33; 0,57;-0,14; 0,16; 0,72
1995;12; -1,5; -3,7; 0,7; 60; 0,05;-0,59; 0,28; 0,07;-0,57; 0,58
1996; 1; -2,7; -5,2;-0,3;  1;-2,63;-1,38;-0,30;-5,39;-1,46;-0,42
1996; 2; -1,9; -5,4; 1,9; 48; 0,23;-1,19;-0,54; 0,25;-1,22;-0,73
1996; 3;  1,2; -1,9; 5,5; 23;-0,39;-1,45;-1,36;-0,80;-1,98;-1,67
1996; 4;  8,4;  2,8;14,4; 16;-1,25;-0,90;-1,51;-1,56;-1,05;-1,81
1996; 5; 11,4;  7,2;16,3; 79; 1,14;-0,14;-0,80; 0,69;-0,77;-1,35
1996; 6; 16,3; 10,4;21,9; 50;-0,53;-0,27;-1,04;-0,54;-0,65;-1,78
1996; 7; 15,7; 10,3;21,5;117; 1,05; 0,91; 0,20; 1,12; 0,71;-0,08
1996; 8; 17,0; 12,3;22,8; 84; 0,48; 0,55; 0,37; 0,48; 0,60; 0,05
1996; 9; 10,8;  7,4;14,9; 41; 0,28; 0,91; 0,49;-0,35; 0,71; 0,15
1996;10;  9,0;  5,4;13,3; 86; 1,04; 0,88; 1,15; 1,02; 0,65; 0,87
1996;11;  4,2;  2,0; 6,6; 57; 0,16; 0,76; 0,80; 0,21; 0,48; 0,68
1996;12; -2,9; -5,3;-0,4; 26;-1,24; 0,12; 0,74;-1,26; 0,05; 0,48
1997; 1; -3,2; -5,7;-0,6; 23;-1,51;-1,44;-0,10;-1,62;-1,52;-0,51
1997; 2;  3,3;  0,2; 7,0; 83; 1,29;-0,77; 0,10; 1,29;-0,66;-0,13
1997; 3;  6,3;  2,4;11,0; 46; 0,04; 0,03;-0,02; 0,27; 0,19; 0,08
1997; 4;  6,2;  0,8;11,8; 43; 0,11; 0,65;-0,45; 0,06; 0,80;-0,42
1997; 5; 13,2;  7,2;19,4; 29;-1,16;-0,80;-1,01;-1,29;-0,77;-0,96
1997; 6; 16,0; 10,5;21,9; 64;-0,14;-0,76;-0,62;-0,04;-0,87;-0,52
1997; 7; 16,9; 12,5;22,5;119; 1,20; 0,16; 0,42; 1,16; 0,15; 0,58
1997; 8; 19,9; 14,4;26,9; 33;-1,44;-0,17;-0,54;-1,36; 0,05;-0,44
1997; 9; 14,0;  7,4;21,4; 17;-1,78;-0,74;-0,98;-1,71;-0,49;-0,94
1997;10;  7,2;  3,6;11,9; 57; 0,34;-1,61;-0,95; 0,33;-1,50;-0,84
1997;11;  3,9;  1,1; 6,8; 33;-0,85;-1,30;-0,83;-0,73;-1,08;-0,68
1997;12;  1,9; -0,2; 4,0; 71; 0,39;-0,08;-0,70; 0,39;-0,09;-0,48
1998; 1;  1,5; -1,4; 4,8; 54;-0,14;-0,42;-1,64; 0,01;-0,29;-1,34
1998; 2;  2,4; -1,9; 7,5; 17;-1,62;-0,77;-1,45;-1,28;-0,43;-1,14
1998; 3;  5,0;  1,0; 9,3; 43; 0,07;-0,97;-0,77; 0,16;-0,71;-0,57
1998; 4;  9,2;  4,6;14,3; 55; 0,47;-0,48;-0,65; 0,55;-0,34;-0,50
1998; 5; 14,3;  8,2;19,9; 60;-0,11; 0,07;-0,39; 0,08; 0,24;-0,20
1998; 6; 16,9; 11,9;22,6; 59;-0,21;-0,06;-0,62;-0,21; 0,01;-0,52
1998; 7; 16,3; 12,3;21,4;119; 1,38; 0,70; 0,25; 1,16; 0,59; 0,19
1998; 8; 17,1; 10,9;23,7; 55;-0,69; 0,34; 0,32;-0,42; 0,32; 0,34
1998; 9; 13,3;  9,7;17,7;150; 2,31; 1,71; 1,29; 2,52; 1,79; 1,40
1998;10;  8,9;  6,3;11,8;169; 2,28; 2,60; 2,17; 2,40; 2,90; 2,43
1998;11;  1,6; -0,6; 3,9; 76; 0,86; 2,84; 2,47; 0,77; 3,23; 2,56
1998;12;  0,1; -2,3; 2,5; 42;-0,65; 1,82; 2,28;-0,54; 1,76; 2,43
1999; 1;  1,7; -0,9; 4,9; 59; 0,11; 0,09; 2,16; 0,21; 0,09; 2,38
1999; 2; -0,8; -4,2; 2,5; 62; 0,76;-0,09; 2,63; 0,71; 0,01; 2,63
1999; 3;  5,6;  2,0; 9,6; 56; 0,60; 0,70; 1,93; 0,62; 0,70; 1,78
1999; 4;  8,9;  4,5;14,3; 54; 0,42; 0,79; 0,60; 0,51; 0,80; 0,55
1999; 5; 14,1;  9,0;19,6; 55;-0,02; 0,38; 0,23;-0,10; 0,40; 0,19
1999; 6; 15,4; 10,1;21,0; 56;-0,18;-0,02; 0,36;-0,32;-0,19; 0,30
1999; 7; 19,1; 14,1;24,6;120; 1,02; 0,49; 0,78; 1,18; 0,47; 0,82
1999; 8; 16,9; 11,9;23,0; 75; 0,15; 0,52; 0,62; 0,23; 0,60; 0,66
1999; 9; 16,8; 12,1;23,0; 63; 0,02; 0,62; 0,40; 0,46; 0,94; 0,58
1999;10;  8,5;  5,1;12,9; 27;-0,65;-0,37; 0,09;-0,70;-0,18; 0,17
1999;11;  2,7;  0,2; 5,2; 44;-0,35;-0,63; 0,01;-0,26;-0,47; 0,11
1999;12;  1,7; -0,5; 3,5;107; 1,32; 0,26; 0,57; 1,23; 0,20; 0,76
2000; 1;  0,0; -2,7; 2,1; 49;-0,25; 0,59; 0,02;-0,20; 0,52; 0,18
2000; 2;  3,2; -0,1; 6,7; 85; 1,35; 1,42; 0,45; 1,34; 1,37; 0,64
2000; 3;  5,3;  2,5; 9,0; 75; 1,28; 1,34; 1,00; 1,19; 1,29; 0,92
2000; 4; 10,5;  5,1;16,3; 34;-0,74; 0,96; 1,02;-0,37; 1,18; 1,10
2000; 5; 15,0;  9,2;21,4; 62;-0,32; 0,02; 0,93; 0,15; 0,54; 1,25
2000; 6; 17,8; 10,7;24,3; 27;-1,67;-1,69;-0,56;-1,62;-1,21; 0,16
2000; 7; 15,3; 10,9;20,3; 88; 0,80;-0,63;-0,03; 0,47;-0,49; 0,42
2000; 8; 18,2; 12,4;24,7; 67;-0,39;-0,66;-0,53;-0,01;-0,55;-0,17
2000; 9; 13,9;  9,9;19,3; 62; 0,43; 0,38;-0,73; 0,43; 0,33;-0,45
2000;10; 10,4;  7,3;14,1; 54; 0,30;-0,05;-0,51; 0,25; 0,16;-0,28
2000;11;  5,8;  3,1; 8,7; 46;-0,37; 0,13;-0,50;-0,18; 0,09;-0,40
2000;12;  2,1;  0,0; 4,4; 40;-0,74;-0,49; 0,01;-0,62;-0,49;-0,15
2001; 1;  0,3; -2,2; 3,0; 73; 0,75;-0,38;-0,29; 0,70;-0,27;-0,15
2001; 2;  2,1; -1,6; 6,1; 50; 0,13;-0,17;-0,07; 0,32; 0,01;-0,01
2001; 3;  4,9;  1,8; 8,5;136; 2,39; 2,02; 1,13; 2,55; 2,10; 1,06
2001; 4;  7,2;  2,9;12,0; 61; 0,93; 1,99; 1,35; 0,77; 1,97; 1,24
2001; 5; 15,1;  9,1;20,7; 32;-1,11; 1,51; 1,00;-1,12; 1,69; 1,01
2001; 6; 14,4;  9,4;19,6; 84; 0,76; 0,33; 1,51; 0,55; 0,07; 1,55
2001; 7; 18,7; 12,5;24,6; 81;-0,09;-0,17; 1,15; 0,29;-0,11; 1,30
2001; 8; 19,1; 13,3;25,5; 33;-1,29;-0,41; 0,53;-1,36;-0,26; 0,79
2001; 9; 11,5;  8,2;15,5; 95; 1,58;-0,01; 0,11; 1,36; 0,20; 0,14
2001;10; 12,0;  8,1;16,8; 39;-0,48;-0,23;-0,30;-0,22;-0,14;-0,23
2001;11;  2,9;  0,0; 5,5; 89; 1,17; 1,22; 0,37; 1,11; 1,10; 0,53
2001;12; -1,1; -4,4; 1,7; 84; 0,74; 0,68; 0,32; 0,72; 0,74; 0,59
2002; 1; -0,7; -3,6; 2,1; 48;-0,34; 0,92; 0,37;-0,24; 0,88; 0,48
2002; 2;  4,6;  1,4; 8,0;128; 2,18; 1,67; 1,89; 2,27; 1,66; 1,88
2002; 3;  5,4;  0,6;10,7; 62; 0,49; 1,55; 1,45; 0,81; 1,77; 1,63
2002; 4;  8,3;  3,4;13,4; 35;-0,22; 1,42; 1,52;-0,32; 1,66; 1,69
2002; 5; 14,1;  9,0;19,2; 81; 0,83; 0,58; 1,40; 0,75; 0,69; 1,55
2002; 6; 17,6; 12,2;23,2; 62;-0,24; 0,17; 1,06;-0,11; 0,09; 1,30
2002; 7; 18,1; 12,5;23,7; 50;-0,57;-0,16; 0,68;-0,65;-0,19; 1,00
2002; 8; 19,2; 14,5;24,8; 63;-0,17;-0,63;-0,22;-0,14;-0,69;-0,17
2002; 9; 12,9;  7,4;18,6; 50;-0,13;-0,55;-0,38; 0,01;-0,60;-0,44
2002;10;  8,2;  4,4;11,7;132; 1,83; 1,01; 0,48; 1,86; 1,20; 0,66
2002;11;  5,7;  3,1; 8,4;122; 1,91; 1,95; 0,82; 1,84; 2,20; 1,15
2002;12;  0,5; -2,0; 3,0; 83; 0,73; 2,14; 1,14; 0,69; 2,35; 1,41
2003; 1; -0,8; -4,0; 1,9; 89; 1,26; 1,91; 1,94; 1,20; 1,98; 2,25
2003; 2; -2,4; -6,6; 2,8; 23;-1,07; 0,55; 1,92;-0,89; 0,61; 2,04
2003; 3;  5,7;  0,5;11,6; 21;-1,32;-0,66; 1,73;-0,93;-0,24; 1,84
2003; 4;  8,7;  2,3;14,7; 24;-1,10;-1,71; 0,33;-0,95;-1,62; 0,71
2003; 5; 14,7;  8,8;20,3; 72; 0,26;-1,16;-0,49; 0,48;-0,80;-0,03
2003; 6; 20,5; 13,2;27,8; 40;-1,87;-1,69;-1,69;-0,95;-0,87;-0,83
2003; 7; 19,6; 13,7;25,8; 49;-0,90;-1,48;-1,90;-0,68;-0,81;-1,70
2003; 8; 22,0; 14,0;29,8; 19;-2,34;-2,23;-2,31;-2,23;-2,19;-2,22
2003; 9; 13,7;  8,1;20,7; 48;-0,54;-1,83;-2,04;-0,06;-1,60;-1,75
2003;10;  6,1;  2,2;10,3; 69; 0,72;-1,54;-1,81; 0,64;-0,79;-1,15
2003;11;  5,5;  2,9; 9,0; 39;-0,69;-0,29;-1,94;-0,46;-0,03;-1,52
2003;12;  1,2; -2,1; 4,2; 46;-0,57;-0,24;-1,69;-0,39;-0,22;-1,31
2004; 1; -1,0; -3,7; 1,7;100; 1,56; 0,15;-1,31; 1,51; 0,24;-0,45
2004; 2;  2,2; -0,8; 5,1; 48; 0,20; 0,56; 0,06; 0,25; 0,59; 0,33
2004; 3;  4,0; -0,2; 8,7; 22;-0,81; 0,51; 0,02;-0,86; 0,56; 0,12
2004; 4;  9,6;  4,0;15,6; 38;-0,58;-0,74;-0,48;-0,17;-0,50;-0,21
2004; 5; 11,3;  5,9;16,9;123; 1,72; 0,66; 0,78; 1,80; 0,79; 0,83
2004; 6; 15,3;  9,5;21,4; 54;-0,44; 0,63; 0,74;-0,39; 0,82; 0,90
2004; 7; 17,2; 12,0;23,1;135; 1,31; 1,46; 0,84; 1,48; 1,67; 1,02
2004; 8; 18,5; 13,7;24,2; 91; 0,56; 0,81; 0,98; 0,67; 1,02; 1,22
2004; 9; 13,8;  8,7;19,7; 78; 0,67; 1,26; 1,27; 0,91; 1,55; 1,61
2004;10;  9,8;  5,6;14,8; 35;-0,57; 0,28; 1,24;-0,37; 0,53; 1,50
2004;11;  4,0;  1,3; 6,6; 79; 0,88; 0,40; 0,79; 0,85; 0,61; 1,08
2004;12;  0,1; -2,1; 2,4; 50;-0,33;-0,13; 0,91;-0,25;-0,04; 1,09
2005; 1;  1,4; -1,6; 3,5; 82; 1,05; 0,76; 0,66; 0,99; 0,71; 0,83
2005; 2; -2,0; -5,0; 1,3; 73; 1,15; 0,86; 0,79; 1,03; 0,78; 0,91
2005; 3;  3,7; -1,0; 8,5; 23;-0,82; 0,69; 0,23;-0,80; 0,72; 0,36
2005; 4;  9,6;  4,0;15,6; 46;-0,27;-0,04; 0,45; 0,19; 0,24; 0,60
2005; 5; 13,2;  7,3;19,1; 69; 0,24;-0,53; 0,20; 0,39;-0,24; 0,39
2005; 6; 16,8;  9,9;23,1; 30;-1,43;-1,06;-0,46;-1,45;-0,65; 0,02
2005; 7; 18,4; 12,5;24,7;109; 0,52;-0,43;-0,44; 0,95; 0,08; 0,15
2005; 8; 16,0; 11,3;21,5; 81; 0,54;-0,25;-0,47; 0,40; 0,11;-0,10
2005; 9; 15,2; 10,1;21,2; 66; 0,21; 0,58;-0,22; 0,56; 0,91; 0,32
2005;10; 11,0;  6,8;15,9; 26;-0,95;-0,14;-0,42;-0,74;-0,03;-0,02
2005;11;  3,4;  0,8; 6,1; 50;-0,14;-0,57;-0,53;-0,03;-0,30;-0,17
2005;12;  0,0; -2,3; 2,1; 57;-0,07;-0,78; 0,03;-0,02;-0,63; 0,23
2006; 1; -2,6; -6,0; 0,3; 26;-1,43;-0,90;-0,65;-1,41;-0,84;-0,68
2006; 2; -1,3; -4,5; 1,5; 40;-0,04;-0,90;-1,02;-0,06;-0,87;-0,89
2006; 3;  1,6; -2,2; 5,3; 57; 0,85;-0,25;-0,83; 0,65;-0,48;-0,86
2006; 4;  8,1;  3,4;13,0; 53; 0,53; 0,63;-0,12; 0,48; 0,40;-0,35
2006; 5; 13,1;  7,5;18,4;122; 1,63; 1,76; 0,85; 1,78; 1,74; 0,55
2006; 6; 16,7; 10,1;22,9; 45;-0,98; 0,69; 0,38;-0,74; 0,91; 0,32
2006; 7; 21,9; 15,0;28,8; 95;-0,42; 0,10; 0,36; 0,64; 0,96; 0,93
2006; 8; 14,9; 10,8;20,1;102; 1,22;-0,16; 0,91; 0,94; 0,46; 1,35
2006; 9; 16,8; 10,9;23,1; 30;-1,29;-0,15; 0,23;-0,87; 0,48; 0,85
2006;10; 11,6;  7,4;16,0; 90; 1,02; 0,65; 0,43; 1,10; 0,83; 1,17
2006;11;  6,3;  3,4; 9,1; 55;-0,03;-0,17;-0,27; 0,14; 0,32; 0,48
2006;12;  3,5;  1,1; 5,9; 37;-0,89; 0,17;-0,08;-0,74; 0,27; 0,46
2007; 1;  4,1;  1,3; 6,3; 75; 0,78;-0,25; 0,37; 0,77;-0,11; 0,50
2007; 2;  4,0;  1,3; 6,7; 70; 0,99; 0,29;-0,02; 0,94; 0,37; 0,42
2007; 3;  6,1;  1,4;11,0; 43;-0,20; 0,73; 0,48; 0,16; 0,91; 0,71
2007; 4; 12,1;  4,4;19,1;  3;-2,52;-1,19;-1,06;-3,50;-0,32;-0,35
2007; 5; 14,5;  8,3;20,3;107; 1,09;-0,88;-0,44; 1,43; 0,13; 0,29
2007; 6; 17,8; 12,7;23,8; 95; 0,55;-0,26; 0,20; 0,83; 0,63; 1,01
2007; 7; 17,3; 12,0;22,7;114; 0,99; 1,33; 0,45; 1,06; 1,72; 1,16
2007; 8; 16,8; 11,3;22,7; 61;-0,24; 0,68; 0,09;-0,21; 0,88; 0,74
2007; 9; 12,0;  7,1;16,7; 96; 1,37; 1,03; 0,60; 1,38; 1,11; 1,16
2007;10;  8,0;  4,1;12,3; 11;-1,26;-0,05; 0,95;-1,62;-0,12; 1,17
2007;11;  2,7;  0,4; 4,8; 97; 1,43; 0,91; 1,00; 1,30; 0,81; 1,10
2007;12;  0,9; -1,3; 3,0; 56;-0,11; 0,01; 0,78;-0,05;-0,04; 0,75
2008; 1;  3,1;  0,6; 5,4; 44;-0,57; 0,52; 0,25;-0,42; 0,46; 0,18
2008; 2;  3,3; -0,8; 7,8; 42;-0,37;-0,71; 0,27; 0,02;-0,43; 0,27
2008; 3;  4,1;  0,2; 7,9; 68; 1,04; 0,12;-0,05; 0,99; 0,23; 0,04
2008; 4;  7,7;  3,3;12,4; 86; 1,57; 1,24; 1,19; 1,55; 1,21; 1,09
2008; 5; 15,3;  9,2;21,4;  9;-2,04; 0,17;-0,28;-2,98; 0,36;-0,13
2008; 6; 17,5; 11,6;23,4; 78; 0,02;-0,31;-0,21; 0,38;-0,01; 0,08
2008; 7; 18,6; 12,4;25,0; 55;-0,78;-1,36;-0,50;-0,47;-1,23;-0,02
2008; 8; 17,5; 12,1;23,3; 66;-0,13;-0,61;-0,41;-0,05;-0,25;-0,05
2008; 9; 12,2;  7,7;16,7; 63; 0,65;-0,34;-0,48; 0,46;-0,22;-0,23
2008;10;  8,3;  4,3;12,6; 81; 0,93; 0,62;-0,67; 0,91; 0,64;-0,39
2008;11;  4,7;  1,2; 7,6; 45;-0,43; 0,65;-0,17;-0,22; 0,56; 0,14
2008;12;  0,7; -1,5; 2,7; 60; 0,03; 0,35;-0,15; 0,07; 0,34; 0,01
2009; 1; -3,7; -6,9;-0,2; 25;-1,48;-1,02;-0,09;-1,48;-0,91;-0,17
2009; 2; -0,3; -3,2; 2,6; 58; 0,66;-0,46; 0,18; 0,58;-0,41; 0,09
2009; 3;  3,8;  0,2; 7,5; 69; 1,11; 0,34; 0,36; 1,02; 0,19; 0,31
2009; 4; 12,8;  6,3;19,0; 64;-0,15; 0,75;-0,10; 0,87; 1,13; 0,18
2009; 5; 13,9;  7,8;19,5; 75; 0,39; 0,67; 0,22; 0,57; 1,30; 0,50
2009; 6; 14,8;  9,3;20,2; 62; 0,06; 0,11; 0,24;-0,11; 0,56; 0,46
2009; 7; 17,9; 12,6;23,9; 79; 0,05; 0,17; 0,49; 0,24; 0,22; 0,87
2009; 8; 19,0; 12,1;25,8; 28;-1,62;-0,86;-0,38;-1,63;-0,80; 0,16
2009; 9; 15,0;  9,9;20,4; 59; 0,12;-0,83;-0,63; 0,33;-0,55;-0,10
2009;10;  8,0;  4,5;11,3; 63; 0,62;-0,84;-0,44; 0,49;-0,49;-0,21
2009;11;  6,9;  4,4; 9,2; 85; 1,05; 0,80;-0,29; 1,01; 0,85; 0,00
2009;12;  0,1; -2,6; 2,4; 99; 1,14; 1,32; 0,08; 1,06; 1,24; 0,51
2010; 1; -3,8; -6,5;-1,8; 30;-1,12; 0,84;-0,22;-1,16; 0,76; 0,16
2010; 2; -0,8; -3,8; 2,1; 33;-0,37; 0,00; 0,59;-0,36;-0,01; 0,57
2010; 3;  4,0; -0,6; 8,7; 35;-0,31;-1,05; 0,45;-0,18;-1,15; 0,40
2010; 4;  8,9;  2,3;15,0; 13;-1,55;-1,27;-0,39;-1,84;-1,22;-0,18
2010; 5; 10,8;  6,7;15,1; 99; 1,67; 0,29; 0,23; 1,24;-0,02;-0,07
2010; 6; 16,9; 10,3;22,8; 15;-1,65;-0,74;-1,16;-2,49;-1,11;-1,63
2010; 7; 20,3; 13,4;27,1;147; 0,90; 0,58;-0,31; 1,69; 0,94; 0,04
2010; 8; 16,3; 11,5;21,3;164; 2,16; 1,01; 0,96; 2,21; 1,64; 1,34
2010; 9; 12,0;  7,3;16,9; 44;-0,01; 1,71; 0,94;-0,22; 2,16; 1,23
2010;10;  7,7;  3,3;12,5; 26;-0,79; 1,19; 1,11;-0,74; 1,03; 1,28
2010;11;  5,0;  2,5; 7,0; 80; 0,94;-0,07; 0,69; 0,88;-0,14; 1,12
2010;12; -4,2; -7,6;-1,9; 85; 0,82; 0,45; 1,54; 0,74; 0,42; 1,85
2011; 1;  0,1; -2,7; 2,5; 76; 0,86; 1,28; 1,64; 0,80; 1,20; 1,55
2011; 2;  0,1; -2,9; 3,5; 26;-0,80; 0,48; 0,18;-0,71; 0,46; 0,15
2011; 3;  5,5; -0,2;11,4; 14;-1,64;-1,01;-0,40;-1,45;-0,66;-0,11
2011; 4; 11,9;  5,0;18,3; 17;-1,85;-2,10;-0,73;-1,47;-2,01;-0,13
2011; 5; 14,2;  6,5;21,3;  9;-2,46;-2,78;-2,05;-2,98;-3,84;-1,35
2011; 6; 16,9; 11,3;22,7; 79; 0,18;-2,03;-2,10; 0,41;-1,72;-1,70
2011; 7; 16,2; 10,9;21,8;100; 0,74;-0,58;-1,54; 0,76;-0,28;-1,42
2011; 8; 18,3; 12,5;24,7; 59;-0,58; 0,14;-1,51;-0,28; 0,40;-1,30
2011; 9; 15,2;  9,5;21,3; 58;-0,15; 0,00;-1,15; 0,30; 0,33;-0,70
2011;10;  9,0;  4,2;14,0; 50;-0,07;-0,64;-0,80; 0,13;-0,14;-0,35
2011;11;  3,8;  0,4; 7,9;  1;-2,14;-1,25;-0,59;-4,43;-1,03;-0,36
2011;12;  3,1;  0,9; 5,3;104; 1,24;-0,40;-0,25; 1,17;-0,20; 0,03
2012; 1;  1,3; -1,1; 3,8;108; 1,74; 0,71;-0,13; 1,72; 0,74; 0,38
2012; 2; -3,5; -7,1; 0,1; 21;-0,94; 1,34;-0,11;-1,01; 1,24; 0,22
2012; 3;  6,9;  1,6;12,4; 10;-1,81;-0,44;-0,68;-1,83;-0,10;-0,29
2012; 4;  8,6;  3,0;13,9; 21;-0,93;-1,78;-0,92;-1,16;-2,21;-0,62
2012; 5; 15,0;  8,5;21,2; 57;-0,56;-1,69;-0,38;-0,02;-1,70; 0,10
2012; 6; 15,8; 10,2;21,4;142; 1,65; 0,53; 0,15; 1,86; 0,91; 0,55
2012; 7; 17,8; 12,5;23,1; 75; 0,14; 0,82;-0,41; 0,13; 1,14;-0,18
2012; 8; 19,0; 12,3;25,5; 37;-1,33; 0,30;-0,70;-1,16; 0,65;-0,32
2012; 9; 13,5;  7,4;19,9; 52;-0,32;-0,79;-0,37; 0,09;-0,58; 0,11
2012;10;  7,9;  3,4;12,4; 47;-0,04;-1,15;-0,18; 0,04;-0,79; 0,34
2012;11;  4,6;  2,1; 7,0; 67; 0,50;-0,10; 0,12; 0,52; 0,16; 0,51
2012;12;  1,2; -1,3; 3,2;119; 1,55; 1,07;-0,08; 1,47; 1,05; 0,33
2013; 1;  0,1; -1,9; 1,8; 46;-0,33; 1,15;-0,28;-0,33; 1,05; 0,22
2013; 2; -1,1; -3,7; 1,0; 43; 0,18; 1,00; 0,51; 0,06; 0,83; 0,63
2013; 3;  0,3; -3,4; 4,4; 21;-0,43;-0,47; 0,52;-0,93;-0,81; 0,37
2013; 4;  8,5;  3,7;13,3; 54; 0,54; 0,06; 0,81; 0,51;-0,27; 0,56
2013; 5; 11,8;  7,6;16,1;158; 2,41; 2,10; 1,90; 2,52; 1,76; 1,58
2013; 6; 15,8; 10,1;21,4; 81; 0,37; 2,07; 1,55; 0,47; 2,13; 1,14
2013; 7; 20,2; 13,1;26,5; 35;-1,42; 0,92; 0,74;-1,26; 1,14; 0,68
2013; 8; 18,2; 11,8;24,4; 39;-1,12;-1,24; 0,21;-1,07;-1,09; 0,30
2013; 9; 13,4;  9,1;17,7; 95; 1,40;-0,83; 0,77; 1,36;-0,49; 1,01
2013;10; 10,0;  5,7;14,0; 50; 0,05;-0,02; 0,63; 0,13; 0,18; 0,89
2013;11;  4,1;  1,4; 6,2; 58; 0,19; 0,89;-0,58; 0,24; 0,79;-0,22
2013;12;  2,6;  0,5; 4,7; 28;-1,20;-0,61;-1,00;-1,16;-0,57;-0,82
2014; 1;  2,1; -0,4; 4,5; 36;-0,96;-1,16;-0,69;-0,82;-1,10;-0,68
2014; 2;  3,7;  0,5; 7,4; 29;-0,85;-1,66;-0,38;-0,56;-1,67;-0,42
2014; 3;  7,2;  1,3;13,2; 13;-1,87;-2,01;-1,68;-1,53;-1,77;-1,56
2014; 4; 11,2;  5,4;16,9; 69; 0,45;-1,12;-1,53; 1,04;-0,43;-1,13
2014; 5; 12,3;  7,1;17,5; 65; 0,51;-0,45;-1,31; 0,25;-0,02;-1,13
2014; 6; 16,2;  9,3;22,8; 21;-1,65;-0,74;-1,67;-2,01;-0,41;-1,48
2014; 7; 19,6; 13,4;25,8;102; 0,24;-0,60;-1,09; 0,80;-0,28;-0,57
2014; 8; 15,9; 10,7;21,5;118; 1,28;-0,11;-0,31; 1,31; 0,45; 0,30
2014; 9; 14,9; 10,6;19,6; 34;-0,43; 0,60;-0,02;-0,67; 0,88; 0,41
2014;10; 11,5;  7,7;15,5; 57; 0,26; 0,64;-0,08; 0,33; 0,62; 0,18
2014;11;  6,0;  3,2; 8,5; 22;-1,29;-0,82;-0,55;-1,33;-0,93;-0,27
2014;12;  2,4;  0,1; 4,3; 64; 0,16;-0,51; 0,18; 0,19;-0,43; 0,33
2015; 1;  1,8; -0,4; 3,7; 76; 0,89;-0,27; 0,35; 0,80;-0,21; 0,26
2015; 2; -0,2; -3,4; 3,1;  9;-1,62;-0,36;-0,90;-2,02;-0,28;-0,93
2015; 3;  5,1;  0,3;10,1; 44;-0,11;-0,49;-0,79; 0,19;-0,33;-0,61
2015; 4;  8,3;  1,5;15,0; 16;-1,54;-1,62;-1,40;-1,56;-1,59;-1,17
2015; 5; 12,8;  6,3;18,8; 31;-1,07;-1,59;-1,39;-1,17;-1,60;-1,13
2015; 6; 16,3; 10,5;21,9; 60;-0,24;-1,50;-1,46;-0,18;-1,67;-1,42
2015; 7; 20,4; 13,5;27,0; 73;-0,70;-1,07;-1,61; 0,08;-0,75;-1,63
2015; 8; 21,0; 14,5;27,5; 45;-1,28;-1,18;-1,67;-0,81;-0,63;-1,44
2015; 9; 12,9;  8,0;17,9; 40;-0,24;-1,16;-1,57;-0,39;-0,70;-1,54
2015;10;  8,1;  4,4;11,9; 33;-0,37;-1,21;-1,41;-0,44;-1,22;-1,38
2015;11;  6,9;  3,8;10,3; 97; 1,28; 0,22;-0,88; 1,30; 0,23;-0,35
2015;12;  5,7;  3,1; 8,1; 48;-0,51; 0,17;-0,94;-0,32; 0,20;-0,41
2016; 1;  0,3; -2,2; 2,8; 61; 0,28; 0,55;-0,77; 0,28; 0,62;-0,41
2016; 2;  3,1;  0,5; 5,7; 68; 0,96; 0,21; 0,24; 0,89; 0,28; 0,29
2016; 3;  4,0;  0,6; 7,7; 47; 0,44; 0,80; 0,52; 0,31; 0,68; 0,51
2016; 4;  8,0;  2,4;13,4; 43;-0,06; 0,56; 0,72; 0,06; 0,55; 0,74
2016; 5; 13,9;  8,3;19,2; 45;-0,36;-0,20; 0,01;-0,50;-0,32;-0,03
2016; 6; 16,8; 11,8;22,3;145; 1,74; 1,05; 1,21; 1,92; 1,15; 1,21
2016; 7; 18,8; 12,7;24,8; 59;-0,60; 0,53; 0,68;-0,34; 0,76; 0,87
2016; 8; 18,1; 11,6;25,0; 32;-1,43;-0,13;-0,20;-1,41; 0,37; 0,08
2016; 9; 17,1; 11,2;23,5; 27;-1,43;-1,53;-0,70;-1,04;-1,56;-0,31
2016;10;  8,7;  5,4;12,0; 44; 0,07;-1,58;-0,70;-0,05;-1,61;-0,39
2016;11;  3,6;  0,5; 6,2; 55; 0,03;-0,88;-0,60; 0,14;-0,64;-0,17
2016;12;  0,6; -2,2; 3,1; 19;-1,58;-0,87;-1,66;-1,69;-0,95;-1,84
2017; 1; -3,7; -7,5;-0,3; 30;-1,24;-1,58;-2,10;-1,16;-1,57;-2,41
2017; 2;  2,9; -0,1; 6,1; 28;-0,79;-1,92;-1,80;-0,61;-2,17;-1,95
2017; 3;  7,2;  2,2;12,1; 54; 0,12;-1,04;-1,31; 0,55;-0,76;-1,28
2017; 4;  7,6;  2,1;13,0; 12;-1,16;-1,01;-1,70;-1,95;-0,86;-1,75
2017; 5; 14,3;  7,5;20,8; 58;-0,58;-1,05;-1,87; 0,01;-0,61;-1,82
2017; 6; 17,9; 11,0;24,3; 83;-0,21;-1,07;-1,40; 0,52;-0,46;-0,90
2017; 7; 18,5; 13,1;24,3;156; 1,59; 0,67;-0,08; 1,85; 1,47; 0,67
2017; 8; 18,2; 12,3;24,6; 91; 0,24; 0,98; 0,23; 0,67; 1,69; 1,12
2017; 9; 12,2;  7,9;17,1; 66; 0,69; 1,31; 0,37; 0,56; 1,66; 1,06
2017;10; 10,5;  6,9;14,3; 67; 0,60; 0,66; 0,85; 0,59; 0,87; 1,55
2017;11;  4,5;  2,1; 6,7; 85; 1,09; 1,09; 1,33; 1,01; 1,03; 1,83
2017;12;  2,1;  0,2; 4,0; 75; 0,53; 1,04; 1,53; 0,49; 0,96; 1,79
2018; 1;  3,7;  1,5; 5,8; 83; 1,09; 1,31; 1,30; 1,02; 1,23; 1,46
2018; 2; -2,3; -5,4; 0,7;  8;-1,55; 0,07; 0,89;-2,15; 0,07; 0,75
2018; 3;  2,5; -1,7; 6,4; 50; 0,52; 0,08; 0,81; 0,42;-0,05; 0,69
2018; 4; 13,1;  6,0;19,8; 35;-1,49;-1,27; 0,03;-0,32;-0,88; 0,38
2018; 5; 16,2;  9,3;23,2; 44;-1,48;-1,51;-1,08;-0,54;-0,47;-0,27
2018; 6; 18,1; 12,5;23,8; 34;-1,09;-2,12;-1,70;-1,24;-1,49;-1,09
2018; 7; 20,7; 13,4;27,7; 42;-1,49;-2,01;-2,07;-0,96;-1,75;-1,99
2018; 8; 20,7; 13,4;27,8; 17;-2,08;-2,11;-2,33;-2,39;-2,62;-2,28
2018; 9; 15,1;  8,6;22,5; 33;-1,36;-2,15;-2,38;-0,72;-2,23;-2,58
2018;10; 10,8;  5,3;17,1; 17;-1,62;-2,34;-2,48;-1,21;-2,74;-3,04
2018;11;  5,4;  2,2; 8,3;  8;-1,84;-2,35;-2,44;-2,57;-2,55;-3,62
2018;12;  3,0;  1,0; 5,0; 99; 1,14;-1,20;-2,26; 1,06;-0,82;-2,17
2019; 1;  0,0; -2,6; 2,1; 78; 0,95; 0,21;-2,09; 0,87; 0,24;-1,56
2019; 2;  2,6; -1,6; 8,0; 17;-1,66; 0,44;-1,62;-1,28; 0,59;-1,09
2019; 3;  6,5;  2,2;11,1; 59; 0,48;-0,10;-1,01; 0,72; 0,23;-0,52
2019; 4; 10,4;  4,2;16,4; 29;-1,09;-1,12;-0,72;-0,64;-0,58;-0,25
2019; 5; 10,7;  5,1;16,0;106; 1,49; 0,74; 0,77; 1,41; 1,02; 0,96
2019; 6; 20,2; 12,8;27,1; 32;-1,93;-0,91;-0,80;-1,34;-0,14;-0,01
2019; 7; 19,6; 12,5;26,1; 44;-1,24;-1,11;-1,43;-0,88;-0,39;-0,75
2019; 8; 19,3; 13,0;26,0; 58;-0,84;-1,87;-1,34;-0,31;-1,55;-0,53
2019; 9; 14,2;  8,4;19,9; 39;-0,64;-1,37;-1,46;-0,43;-1,04;-0,89
2019;10; 10,5;  6,4;14,8; 65; 0,46;-0,76;-1,20; 0,54;-0,24;-0,50
2019;11;  5,4;  2,5; 7,7; 59; 0,18;-0,13;-1,59; 0,27; 0,11;-1,04
2019;12;  3,0;  0,5; 5,4; 57;-0,13; 0,21;-1,10;-0,02; 0,26;-0,59
